record_id,window_id,MI,edge_node,route,latency_ms,energy_mj,pro_preferred,oobl_best,lat_A,lat_B
101.0,35,5000,edge-central,A,400.5325,10.75,,,,
101.0,63,5000,edge-south,A,400.0935,10.75,,,,
101.0,64,5000,edge-west,A,379.3469,10.75,,,,
104.0,2,5000,edge-north,A,400.3302,10.75,,,,
104.0,3,5000,edge-central,A,397.3757,10.75,,,,
104.0,5,5000,edge-south,A,403.7281,10.75,,,,
104.0,20,5000,edge-west,A,390.5844,10.75,,,,
105.0,0,5000,edge-north,A,400.3481,10.75,,,,
105.0,1,5000,edge-central,A,409.5938,10.75,,,,
105.0,4,5000,edge-south,A,391.7101,10.75,,,,
105.0,5,5000,edge-west,A,380.7006,10.75,,,,
105.0,6,5000,edge-north,A,378.0026,10.75,,,,
105.0,7,5000,edge-central,A,399.5024,10.75,,,,
105.0,9,5000,edge-south,A,387.233,10.75,,,,
105.0,10,5000,edge-west,A,402.1148,10.75,,,,
105.0,11,5000,edge-north,A,385.7937,10.75,,,,
105.0,12,5000,edge-central,A,393.3069,10.75,,,,
105.0,14,5000,edge-south,A,393.8507,10.75,,,,
105.0,15,5000,edge-west,A,394.6974,10.75,,,,
105.0,16,5000,edge-north,A,399.8835,10.75,,,,
105.0,17,5000,edge-central,A,406.1851,10.75,,,,
105.0,18,5000,edge-south,A,385.4997,10.75,,,,
105.0,19,5000,edge-west,A,391.9956,10.75,,,,
105.0,20,5000,edge-north,A,407.3439,10.75,,,,
105.0,21,5000,edge-central,A,401.9126,10.75,,,,
105.0,22,5000,edge-south,A,397.991,10.75,,,,
105.0,23,5000,edge-west,A,393.5746,10.75,,,,
105.0,24,5000,edge-north,A,402.9604,10.75,,,,
105.0,25,5000,edge-central,A,396.7249,10.75,,,,
105.0,26,5000,edge-south,A,389.0412,10.75,,,,
105.0,27,5000,edge-west,A,390.9282,10.75,,,,
105.0,28,5000,edge-north,A,406.6376,10.75,,,,
105.0,29,5000,edge-central,A,391.6535,10.75,,,,
105.0,30,5000,edge-south,A,391.2247,10.75,,,,
105.0,31,5000,edge-west,A,400.1837,10.75,,,,
105.0,32,5000,edge-north,A,387.9189,10.75,,,,
105.0,33,5000,edge-central,A,397.9339,10.75,,,,
105.0,34,5000,edge-south,A,394.7803,10.75,,,,
105.0,35,5000,edge-west,A,404.1299,10.75,,,,
105.0,36,5000,edge-north,A,403.0051,10.75,,,,
105.0,37,5000,edge-central,A,380.1027,10.75,,,,
105.0,38,5000,edge-south,A,379.1192,10.75,,,,
105.0,39,5000,edge-west,A,406.814,10.75,,,,
105.0,40,5000,edge-north,A,395.3969,10.75,,,,
105.0,41,5000,edge-central,A,383.5078,10.75,,,,
105.0,42,5000,edge-south,A,397.544,10.75,,,,
105.0,43,5000,edge-west,A,399.1794,10.75,,,,
105.0,44,5000,edge-north,A,406.3523,10.75,,,,
105.0,45,5000,edge-central,A,403.433,10.75,,,,
105.0,46,5000,edge-south,A,385.3733,10.75,,,,
105.0,47,5000,edge-west,A,385.6753,10.75,,,,
105.0,48,5000,edge-north,A,380.9893,10.75,,,,
105.0,49,5000,edge-central,A,381.0947,10.75,,,,
105.0,50,5000,edge-south,A,397.2521,10.75,,,,
105.0,51,5000,edge-west,A,389.3952,10.75,,,,
105.0,52,5000,edge-north,A,406.1758,10.75,,,,
105.0,54,5000,edge-central,A,391.0384,10.75,,,,
105.0,55,5000,edge-south,A,383.9145,10.75,,,,
105.0,56,5000,edge-west,A,391.7863,10.75,,,,
105.0,57,5000,edge-north,A,385.5014,10.75,,,,
105.0,58,5000,edge-central,A,383.5694,10.75,,,,
105.0,59,5000,edge-south,A,385.7577,10.75,,,,
105.0,60,5000,edge-west,A,391.4323,10.75,,,,
105.0,61,5000,edge-north,A,390.9873,10.75,,,,
105.0,62,5000,edge-central,A,395.326,10.75,,,,
105.0,63,5000,edge-south,A,378.5331,10.75,,,,
105.0,64,5000,edge-west,A,381.3124,10.75,,,,
105.0,65,5000,edge-north,A,404.8292,10.75,,,,
105.0,66,5000,edge-central,A,379.0751,10.75,,,,
105.0,67,5000,edge-south,A,402.2123,10.75,,,,
105.0,68,5000,edge-west,A,406.9536,10.75,,,,
105.0,69,5000,edge-north,A,389.0402,10.75,,,,
105.0,70,5000,edge-central,A,397.6177,10.75,,,,
105.0,71,5000,edge-south,A,395.6579,10.75,,,,
105.0,72,5000,edge-west,A,401.0535,10.75,,,,
105.0,73,5000,edge-north,A,381.1463,10.75,,,,
105.0,74,5000,edge-central,A,402.5755,10.75,,,,
105.0,75,5000,edge-south,A,400.009,10.75,,,,
105.0,76,5000,edge-west,A,397.2528,10.75,,,,
105.0,77,5000,edge-north,A,392.9022,10.75,,,,
105.0,78,5000,edge-central,A,399.938,10.75,,,,
105.0,79,5000,edge-south,A,388.432,10.75,,,,
105.0,80,5000,edge-west,A,397.0226,10.75,,,,
105.0,81,5000,edge-north,A,398.2775,10.75,,,,
105.0,83,5000,edge-central,A,387.9216,10.75,,,,
105.0,84,5000,edge-south,A,394.6674,10.75,,,,
105.0,85,5000,edge-west,A,383.7317,10.75,,,,
105.0,86,5000,edge-north,A,408.2074,10.75,,,,
105.0,87,5000,edge-central,A,394.7356,10.75,,,,
105.0,89,5000,edge-south,A,386.5339,10.75,,,,
105.0,90,5000,edge-west,A,382.0265,10.75,,,,
105.0,91,5000,edge-north,A,387.3823,10.75,,,,
105.0,92,5000,edge-central,A,404.2511,10.75,,,,
105.0,93,5000,edge-south,A,399.0611,10.75,,,,
105.0,94,5000,edge-west,A,398.061,10.75,,,,
105.0,95,5000,edge-north,A,383.3574,10.75,,,,
105.0,97,5000,edge-central,A,404.8583,10.75,,,,
105.0,98,5000,edge-south,A,409.4805,10.75,,,,
105.0,99,5000,edge-west,A,396.918,10.75,,,,
105.0,100,5000,edge-north,A,394.2747,10.75,,,,
105.0,102,5000,edge-central,A,387.4035,10.75,,,,
105.0,103,5000,edge-south,A,396.051,10.75,,,,
105.0,104,5000,edge-west,A,399.5763,10.75,,,,
105.0,105,5000,edge-north,A,383.7781,10.75,,,,
105.0,106,5000,edge-central,A,384.1217,10.75,,,,
105.0,107,5000,edge-south,A,386.9892,10.75,,,,
105.0,108,5000,edge-west,A,405.2749,10.75,,,,
105.0,109,5000,edge-north,A,399.9827,10.75,,,,
105.0,110,5000,edge-central,A,378.69,10.75,,,,
105.0,111,5000,edge-south,A,394.1015,10.75,,,,
105.0,112,5000,edge-west,A,396.8831,10.75,,,,
105.0,113,5000,edge-north,A,384.434,10.75,,,,
105.0,114,5000,edge-central,A,397.504,10.75,,,,
105.0,116,5000,edge-south,A,382.6582,10.75,,,,
105.0,118,5000,edge-west,A,403.3518,10.75,,,,
105.0,119,5000,edge-north,A,398.5728,10.75,,,,
105.0,120,5000,edge-central,A,388.7566,10.75,,,,
105.0,122,5000,edge-south,A,387.6185,10.75,,,,
105.0,123,5000,edge-west,A,398.2232,10.75,,,,
105.0,124,5000,edge-north,A,395.3574,10.75,,,,
105.0,125,5000,edge-central,A,395.0467,10.75,,,,
105.0,126,5000,edge-south,A,383.4312,10.75,,,,
105.0,127,5000,edge-west,A,398.3799,10.75,,,,
105.0,128,5000,edge-north,A,388.3254,10.75,,,,
105.0,129,5000,edge-central,A,399.4486,10.75,,,,
105.0,130,5000,edge-south,A,380.6133,10.75,,,,
105.0,131,5000,edge-west,A,380.9247,10.75,,,,
105.0,133,5000,edge-north,A,380.1633,10.75,,,,
105.0,134,5000,edge-central,A,388.4014,10.75,,,,
105.0,135,5000,edge-south,A,387.2223,10.75,,,,
105.0,136,5000,edge-west,A,386.5908,10.75,,,,
105.0,137,5000,edge-north,A,407.9761,10.75,,,,
105.0,138,5000,edge-central,A,391.5555,10.75,,,,
105.0,139,5000,edge-south,A,382.3848,10.75,,,,
105.0,140,5000,edge-west,A,393.6914,10.75,,,,
105.0,141,5000,edge-north,A,389.414,10.75,,,,
105.0,142,5000,edge-central,A,381.7416,10.75,,,,
105.0,143,5000,edge-south,A,383.5108,10.75,,,,
105.0,144,5000,edge-west,A,401.1361,10.75,,,,
105.0,145,5000,edge-north,A,401.4138,10.75,,,,
105.0,148,5000,edge-central,A,383.2347,10.75,,,,
105.0,149,5000,edge-south,A,396.4072,10.75,,,,
105.0,150,5000,edge-west,A,397.4006,10.75,,,,
105.0,151,5000,edge-north,A,390.1257,10.75,,,,
105.0,155,5000,edge-central,A,403.7555,10.75,,,,
105.0,156,5000,edge-south,A,377.9417,10.75,,,,
105.0,157,5000,edge-west,A,397.4158,10.75,,,,
105.0,158,5000,edge-north,A,397.2467,10.75,,,,
105.0,159,5000,edge-central,A,383.4057,10.75,,,,
105.0,161,5000,edge-south,A,409.9641,10.75,,,,
105.0,162,5000,edge-west,A,388.4349,10.75,,,,
105.0,163,5000,edge-north,A,385.3759,10.75,,,,
105.0,164,5000,edge-central,A,403.1857,10.75,,,,
105.0,165,5000,edge-south,A,393.1473,10.75,,,,
105.0,166,5000,edge-west,A,397.8084,10.75,,,,
105.0,167,5000,edge-north,A,407.1763,10.75,,,,
105.0,168,5000,edge-central,A,394.7884,10.75,,,,
105.0,169,5000,edge-south,A,397.7521,10.75,,,,
105.0,174,5000,edge-west,A,381.6906,10.75,,,,
105.0,175,5000,edge-north,A,386.0487,10.75,,,,
105.0,177,5000,edge-central,A,390.0604,10.75,,,,
105.0,179,5000,edge-south,A,391.3764,10.75,,,,
105.0,180,5000,edge-west,A,400.7243,10.75,,,,
105.0,181,5000,edge-north,A,393.9302,10.75,,,,
105.0,182,5000,edge-central,A,387.4146,10.75,,,,
105.0,183,5000,edge-south,A,398.8022,10.75,,,,
105.0,185,5000,edge-west,A,402.7653,10.75,,,,
105.0,186,5000,edge-north,A,385.6033,10.75,,,,
105.0,187,5000,edge-central,A,394.9226,10.75,,,,
105.0,188,5000,edge-south,A,406.8475,10.75,,,,
105.0,189,5000,edge-west,A,383.6499,10.75,,,,
105.0,190,5000,edge-north,A,406.1013,10.75,,,,
105.0,191,5000,edge-central,A,381.0177,10.75,,,,
105.0,192,5000,edge-south,A,398.3033,10.75,,,,
105.0,193,5000,edge-west,A,405.5668,10.75,,,,
105.0,194,5000,edge-north,A,388.197,10.75,,,,
105.0,195,5000,edge-central,A,384.5938,10.75,,,,
105.0,200,5000,edge-south,A,402.444,10.75,,,,
105.0,201,5000,edge-west,A,380.1186,10.75,,,,
105.0,203,5000,edge-north,A,389.6,10.75,,,,
105.0,204,5000,edge-central,A,381.9973,10.75,,,,
105.0,205,5000,edge-south,A,382.3879,10.75,,,,
105.0,206,5000,edge-west,A,382.4376,10.75,,,,
105.0,208,5000,edge-north,A,407.0909,10.75,,,,
105.0,210,5000,edge-central,A,392.0737,10.75,,,,
105.0,211,5000,edge-south,A,392.6461,10.75,,,,
105.0,212,5000,edge-west,A,399.3138,10.75,,,,
105.0,213,5000,edge-north,A,394.9944,10.75,,,,
105.0,215,5000,edge-central,A,402.6017,10.75,,,,
105.0,219,5000,edge-south,A,389.8463,10.75,,,,
105.0,220,5000,edge-west,A,398.7758,10.75,,,,
105.0,223,5000,edge-north,A,386.7097,10.75,,,,
105.0,224,5000,edge-central,A,390.9932,10.75,,,,
105.0,225,5000,edge-south,A,398.3102,10.75,,,,
105.0,228,5000,edge-west,A,402.5179,10.75,,,,
105.0,229,5000,edge-north,A,383.5453,10.75,,,,
105.0,237,5000,edge-central,A,397.0492,10.75,,,,
105.0,238,5000,edge-south,A,404.0538,10.75,,,,
105.0,239,5000,edge-west,A,408.1186,10.75,,,,
105.0,240,5000,edge-north,A,409.0149,10.75,,,,
105.0,241,5000,edge-central,A,387.6679,10.75,,,,
105.0,242,5000,edge-south,A,399.5561,10.75,,,,
105.0,243,5000,edge-west,A,385.5377,10.75,,,,
105.0,244,5000,edge-north,A,386.0908,10.75,,,,
105.0,245,5000,edge-central,A,392.2307,10.75,,,,
105.0,246,5000,edge-south,A,397.7566,10.75,,,,
105.0,247,5000,edge-west,A,393.0768,10.75,,,,
105.0,248,5000,edge-north,A,389.8512,10.75,,,,
105.0,250,5000,edge-central,A,401.3454,10.75,,,,
105.0,252,5000,edge-south,A,390.5454,10.75,,,,
105.0,253,5000,edge-west,A,386.1422,10.75,,,,
105.0,254,5000,edge-north,A,400.9082,10.75,,,,
105.0,257,5000,edge-central,A,405.0059,10.75,,,,
105.0,258,5000,edge-south,A,405.1615,10.75,,,,
105.0,259,5000,edge-west,A,387.496,10.75,,,,
105.0,260,5000,edge-north,A,391.9867,10.75,,,,
105.0,261,5000,edge-central,A,400.1566,10.75,,,,
105.0,262,5000,edge-south,A,400.8762,10.75,,,,
105.0,263,5000,edge-west,A,382.5778,10.75,,,,
105.0,264,5000,edge-north,A,384.9529,10.75,,,,
105.0,265,5000,edge-central,A,389.4374,10.75,,,,
105.0,266,5000,edge-south,A,407.9959,10.75,,,,
105.0,267,5000,edge-west,A,399.5338,10.75,,,,
105.0,268,5000,edge-north,A,403.9274,10.75,,,,
105.0,269,5000,edge-central,A,391.885,10.75,,,,
105.0,271,5000,edge-south,A,393.9766,10.75,,,,
105.0,272,5000,edge-west,A,390.9793,10.75,,,,
105.0,273,5000,edge-north,A,394.5978,10.75,,,,
105.0,274,5000,edge-central,A,394.7666,10.75,,,,
105.0,275,5000,edge-south,A,399.2005,10.75,,,,
105.0,276,5000,edge-west,A,405.9158,10.75,,,,
105.0,277,5000,edge-north,A,397.6501,10.75,,,,
105.0,278,5000,edge-central,A,388.4632,10.75,,,,
105.0,279,5000,edge-south,A,404.0462,10.75,,,,
105.0,280,5000,edge-west,A,384.375,10.75,,,,
105.0,281,5000,edge-north,A,396.476,10.75,,,,
105.0,282,5000,edge-central,A,401.2791,10.75,,,,
105.0,283,5000,edge-south,A,388.2139,10.75,,,,
105.0,284,5000,edge-west,A,384.8592,10.75,,,,
105.0,285,5000,edge-north,A,381.8955,10.75,,,,
105.0,286,5000,edge-central,A,390.8392,10.75,,,,
105.0,287,5000,edge-south,A,396.7236,10.75,,,,
105.0,288,5000,edge-west,A,381.3444,10.75,,,,
105.0,289,5000,edge-north,A,401.0013,10.75,,,,
105.0,290,5000,edge-central,A,380.8935,10.75,,,,
105.0,291,5000,edge-south,A,384.0639,10.75,,,,
105.0,292,5000,edge-west,A,406.1396,10.75,,,,
105.0,293,5000,edge-north,A,405.4812,10.75,,,,
105.0,294,5000,edge-central,A,394.2721,10.75,,,,
105.0,295,5000,edge-south,A,402.9161,10.75,,,,
105.0,296,5000,edge-west,A,385.7536,10.75,,,,
105.0,297,5000,edge-north,A,382.5669,10.75,,,,
105.0,298,5000,edge-central,A,389.6272,10.75,,,,
105.0,299,5000,edge-south,A,398.2912,10.75,,,,
105.0,300,5000,edge-west,A,398.115,10.75,,,,
105.0,301,5000,edge-north,A,385.3859,10.75,,,,
105.0,302,5000,edge-central,A,394.3968,10.75,,,,
105.0,303,5000,edge-south,A,404.991,10.75,,,,
105.0,304,5000,edge-west,A,396.726,10.75,,,,
105.0,305,5000,edge-north,A,382.7385,10.75,,,,
105.0,306,5000,edge-central,A,383.5693,10.75,,,,
105.0,307,5000,edge-south,A,394.7857,10.75,,,,
105.0,308,5000,edge-west,A,399.9901,10.75,,,,
105.0,309,5000,edge-north,A,401.9229,10.75,,,,
105.0,310,5000,edge-central,A,389.2278,10.75,,,,
105.0,311,5000,edge-south,A,399.7617,10.75,,,,
105.0,312,5000,edge-west,A,377.0393,10.75,,,,
105.0,314,5000,edge-north,A,395.8135,10.75,,,,
105.0,315,5000,edge-central,A,398.1342,10.75,,,,
105.0,317,5000,edge-south,A,381.7429,10.75,,,,
105.0,318,5000,edge-west,A,403.9836,10.75,,,,
105.0,319,5000,edge-north,A,389.6114,10.75,,,,
105.0,323,5000,edge-central,A,404.079,10.75,,,,
105.0,324,5000,edge-south,A,378.8828,10.75,,,,
105.0,325,5000,edge-west,A,395.9009,10.75,,,,
105.0,326,5000,edge-north,A,401.2543,10.75,,,,
105.0,327,5000,edge-central,A,410.2616,10.75,,,,
105.0,328,5000,edge-south,A,388.5972,10.75,,,,
105.0,329,5000,edge-west,A,404.7052,10.75,,,,
105.0,330,5000,edge-north,A,394.0375,10.75,,,,
105.0,331,5000,edge-central,A,384.535,10.75,,,,
105.0,332,5000,edge-south,A,381.289,10.75,,,,
105.0,333,5000,edge-west,A,390.0167,10.75,,,,
105.0,334,5000,edge-north,A,389.0942,10.75,,,,
105.0,335,5000,edge-central,A,383.5213,10.75,,,,
105.0,336,5000,edge-south,A,379.4399,10.75,,,,
105.0,337,5000,edge-west,A,384.2661,10.75,,,,
105.0,338,5000,edge-north,A,398.5799,10.75,,,,
105.0,339,5000,edge-central,A,400.5478,10.75,,,,
105.0,340,5000,edge-south,A,395.5869,10.75,,,,
105.0,341,5000,edge-west,A,385.7113,10.75,,,,
105.0,342,5000,edge-north,A,397.2805,10.75,,,,
105.0,343,5000,edge-central,A,388.9828,10.75,,,,
105.0,344,5000,edge-south,A,400.9685,10.75,,,,
105.0,345,5000,edge-west,A,383.7029,10.75,,,,
105.0,346,5000,edge-north,A,389.3539,10.75,,,,
105.0,347,5000,edge-central,A,399.6856,10.75,,,,
105.0,348,5000,edge-south,A,382.4626,10.75,,,,
105.0,349,5000,edge-west,A,396.8415,10.75,,,,
105.0,350,5000,edge-north,A,390.5996,10.75,,,,
105.0,352,5000,edge-central,A,385.2679,10.75,,,,
105.0,353,5000,edge-south,A,395.9322,10.75,,,,
105.0,354,5000,edge-west,A,404.2217,10.75,,,,
105.0,355,5000,edge-north,A,388.4139,10.75,,,,
105.0,356,5000,edge-central,A,403.3714,10.75,,,,
105.0,357,5000,edge-south,A,402.7843,10.75,,,,
105.0,358,5000,edge-west,A,406.5623,10.75,,,,
105.0,359,5000,edge-north,A,390.6085,10.75,,,,
105.0,360,5000,edge-central,A,400.8031,10.75,,,,
106.0,18,5000,edge-south,A,404.4981,10.75,,,,
106.0,21,5000,edge-west,A,400.3475,10.75,,,,
106.0,23,5000,edge-north,A,391.8377,10.75,,,,
106.0,26,5000,edge-central,A,390.1441,10.75,,,,
106.0,146,5000,edge-south,A,393.8552,10.75,,,,
106.0,148,5000,edge-west,A,398.3893,10.75,,,,
106.0,154,5000,edge-north,A,387.7572,10.75,,,,
106.0,156,5000,edge-central,A,402.7086,10.75,,,,
106.0,168,5000,edge-south,A,399.7658,10.75,,,,
106.0,173,5000,edge-west,A,389.4527,10.75,,,,
106.0,180,5000,edge-north,A,408.5675,10.75,,,,
106.0,195,5000,edge-central,A,387.5007,10.75,,,,
106.0,196,5000,edge-south,A,382.9313,10.75,,,,
106.0,211,5000,edge-west,A,382.7145,10.75,,,,
106.0,213,5000,edge-north,A,384.2978,10.75,,,,
106.0,217,5000,edge-central,A,392.298,10.75,,,,
106.0,227,5000,edge-south,A,410.2134,10.75,,,,
106.0,233,5000,edge-west,A,404.5409,10.75,,,,
106.0,236,5000,edge-north,A,400.3516,10.75,,,,
106.0,237,5000,edge-central,A,385.3627,10.75,,,,
106.0,293,5000,edge-south,A,390.9184,10.75,,,,
106.0,295,5000,edge-west,A,384.3518,10.75,,,,
106.0,311,5000,edge-north,A,384.3469,10.75,,,,
106.0,312,5000,edge-central,A,403.6409,10.75,,,,
106.0,314,5000,edge-south,A,400.9205,10.75,,,,
106.0,333,5000,edge-west,A,378.6533,10.75,,,,
106.0,336,5000,edge-north,A,380.6684,10.75,,,,
106.0,339,5000,edge-central,A,405.486,10.75,,,,
106.0,358,5000,edge-south,A,384.8137,10.75,,,,
107.0,0,5000,edge-west,A,394.0091,10.75,,,,
107.0,1,5000,edge-north,A,384.6254,10.75,,,,
107.0,2,5000,edge-central,A,407.025,10.75,,,,
107.0,3,5000,edge-south,A,405.5948,10.75,,,,
107.0,4,5000,edge-west,A,401.5692,10.75,,,,
107.0,5,5000,edge-north,A,396.3255,10.75,,,,
107.0,6,5000,edge-central,A,401.1008,10.75,,,,
107.0,7,5000,edge-south,A,398.2228,10.75,,,,
107.0,8,5000,edge-west,A,379.5515,10.75,,,,
107.0,9,5000,edge-north,A,386.4366,10.75,,,,
107.0,10,5000,edge-central,A,389.3635,10.75,,,,
107.0,11,5000,edge-south,A,406.6957,10.75,,,,
107.0,12,5000,edge-west,A,400.0392,10.75,,,,
107.0,13,5000,edge-north,A,385.1486,10.75,,,,
107.0,14,5000,edge-central,A,397.386,10.75,,,,
107.0,15,5000,edge-south,A,386.4601,10.75,,,,
107.0,16,5000,edge-west,A,395.8569,10.75,,,,
107.0,17,5000,edge-north,A,391.2103,10.75,,,,
107.0,18,5000,edge-central,A,385.8006,10.75,,,,
107.0,19,5000,edge-south,A,387.9213,10.75,,,,
107.0,20,5000,edge-west,A,385.5036,10.75,,,,
107.0,21,5000,edge-north,A,401.5631,10.75,,,,
107.0,22,5000,edge-central,A,407.0929,10.75,,,,
107.0,23,5000,edge-south,A,397.9277,10.75,,,,
107.0,24,5000,edge-west,A,391.205,10.75,,,,
107.0,25,5000,edge-north,A,398.3848,10.75,,,,
107.0,26,5000,edge-central,A,381.4917,10.75,,,,
107.0,27,5000,edge-south,A,400.0918,10.75,,,,
107.0,28,5000,edge-west,A,390.0236,10.75,,,,
107.0,29,5000,edge-north,A,380.8865,10.75,,,,
107.0,30,5000,edge-central,A,378.4776,10.75,,,,
107.0,31,5000,edge-south,A,389.8356,10.75,,,,
107.0,32,5000,edge-west,A,387.2854,10.75,,,,
107.0,33,5000,edge-north,A,396.8064,10.75,,,,
107.0,34,5000,edge-central,A,382.0847,10.75,,,,
107.0,35,5000,edge-south,A,397.2293,10.75,,,,
107.0,36,5000,edge-west,A,391.0164,10.75,,,,
107.0,37,5000,edge-north,A,379.9871,10.75,,,,
107.0,38,5000,edge-central,A,402.3298,10.75,,,,
107.0,39,5000,edge-south,A,392.7688,10.75,,,,
107.0,40,5000,edge-west,A,380.8133,10.75,,,,
107.0,41,5000,edge-north,A,385.0904,10.75,,,,
107.0,42,5000,edge-central,A,401.3744,10.75,,,,
107.0,43,5000,edge-south,A,392.4827,10.75,,,,
107.0,44,5000,edge-west,A,389.8631,10.75,,,,
107.0,45,5000,edge-north,A,384.7233,10.75,,,,
107.0,46,5000,edge-central,A,388.6852,10.75,,,,
107.0,47,5000,edge-south,A,382.902,10.75,,,,
107.0,48,5000,edge-west,A,393.1539,10.75,,,,
107.0,49,5000,edge-north,A,385.5091,10.75,,,,
107.0,50,5000,edge-central,A,393.2387,10.75,,,,
107.0,51,5000,edge-south,A,406.0269,10.75,,,,
107.0,52,5000,edge-west,A,397.5493,10.75,,,,
107.0,53,5000,edge-north,A,380.6155,10.75,,,,
107.0,54,5000,edge-central,A,405.9886,10.75,,,,
107.0,55,5000,edge-south,A,381.5695,10.75,,,,
107.0,56,5000,edge-west,A,394.834,10.75,,,,
107.0,57,5000,edge-north,A,384.3953,10.75,,,,
107.0,58,5000,edge-central,A,389.5137,10.75,,,,
107.0,59,5000,edge-south,A,381.33,10.75,,,,
107.0,60,5000,edge-west,A,381.1412,10.75,,,,
107.0,61,5000,edge-north,A,398.5097,10.75,,,,
107.0,62,5000,edge-central,A,386.3964,10.75,,,,
107.0,63,5000,edge-south,A,390.04,10.75,,,,
107.0,64,5000,edge-west,A,391.137,10.75,,,,
107.0,65,5000,edge-north,A,394.8726,10.75,,,,
107.0,66,5000,edge-central,A,390.1382,10.75,,,,
107.0,67,5000,edge-south,A,388.1125,10.75,,,,
107.0,68,5000,edge-west,A,397.0234,10.75,,,,
107.0,69,5000,edge-north,A,395.5565,10.75,,,,
107.0,70,5000,edge-central,A,403.7915,10.75,,,,
107.0,71,5000,edge-south,A,404.248,10.75,,,,
107.0,72,5000,edge-west,A,399.9153,10.75,,,,
107.0,73,5000,edge-north,A,398.9772,10.75,,,,
107.0,74,5000,edge-central,A,407.2968,10.75,,,,
107.0,75,5000,edge-south,A,391.1139,10.75,,,,
107.0,76,5000,edge-west,A,394.4253,10.75,,,,
107.0,77,5000,edge-north,A,401.4588,10.75,,,,
107.0,78,5000,edge-central,A,385.7475,10.75,,,,
107.0,79,5000,edge-south,A,406.288,10.75,,,,
107.0,80,5000,edge-west,A,384.4065,10.75,,,,
107.0,81,5000,edge-north,A,402.5685,10.75,,,,
107.0,82,5000,edge-central,A,391.6185,10.75,,,,
107.0,83,5000,edge-south,A,403.779,10.75,,,,
107.0,84,5000,edge-west,A,388.8002,10.75,,,,
107.0,85,5000,edge-north,A,393.7787,10.75,,,,
107.0,86,5000,edge-central,A,394.2356,10.75,,,,
107.0,87,5000,edge-south,A,388.0999,10.75,,,,
107.0,88,5000,edge-west,A,392.9347,10.75,,,,
107.0,89,5000,edge-north,A,396.3258,10.75,,,,
107.0,90,5000,edge-central,A,406.5225,10.75,,,,
107.0,91,5000,edge-south,A,388.2809,10.75,,,,
107.0,92,5000,edge-west,A,398.0046,10.75,,,,
107.0,93,5000,edge-north,A,395.1584,10.75,,,,
107.0,94,5000,edge-central,A,407.5539,10.75,,,,
107.0,95,5000,edge-south,A,381.109,10.75,,,,
107.0,96,5000,edge-west,A,387.6017,10.75,,,,
107.0,97,5000,edge-north,A,404.6294,10.75,,,,
107.0,98,5000,edge-central,A,400.1005,10.75,,,,
107.0,99,5000,edge-south,A,391.0931,10.75,,,,
107.0,100,5000,edge-west,A,406.8597,10.75,,,,
107.0,101,5000,edge-north,A,404.5152,10.75,,,,
107.0,102,5000,edge-central,A,406.3349,10.75,,,,
107.0,103,5000,edge-south,A,392.8661,10.75,,,,
107.0,104,5000,edge-west,A,384.3294,10.75,,,,
107.0,105,5000,edge-north,A,407.5629,10.75,,,,
107.0,106,5000,edge-central,A,405.0231,10.75,,,,
107.0,107,5000,edge-south,A,381.4712,10.75,,,,
107.0,108,5000,edge-west,A,392.4781,10.75,,,,
107.0,109,5000,edge-north,A,390.5839,10.75,,,,
107.0,110,5000,edge-central,A,403.6052,10.75,,,,
107.0,111,5000,edge-south,A,395.2199,10.75,,,,
107.0,112,5000,edge-west,A,399.0863,10.75,,,,
107.0,113,5000,edge-north,A,399.9795,10.75,,,,
107.0,114,5000,edge-central,A,393.3994,10.75,,,,
107.0,115,5000,edge-south,A,396.3774,10.75,,,,
107.0,116,5000,edge-west,A,401.5949,10.75,,,,
107.0,117,5000,edge-north,A,389.1753,10.75,,,,
107.0,118,5000,edge-central,A,382.6185,10.75,,,,
107.0,119,5000,edge-south,A,387.1175,10.75,,,,
107.0,120,5000,edge-west,A,409.7847,10.75,,,,
107.0,121,5000,edge-north,A,394.5928,10.75,,,,
107.0,122,5000,edge-central,A,403.0675,10.75,,,,
107.0,123,5000,edge-south,A,406.8513,10.75,,,,
107.0,124,5000,edge-west,A,406.9826,10.75,,,,
107.0,125,5000,edge-north,A,405.4139,10.75,,,,
107.0,126,5000,edge-central,A,390.2183,10.75,,,,
107.0,127,5000,edge-south,A,402.4383,10.75,,,,
107.0,128,5000,edge-west,A,391.539,10.75,,,,
107.0,129,5000,edge-north,A,407.5374,10.75,,,,
107.0,130,5000,edge-central,A,393.4014,10.75,,,,
107.0,131,5000,edge-south,A,382.2773,10.75,,,,
107.0,132,5000,edge-west,A,395.2927,10.75,,,,
107.0,133,5000,edge-north,A,389.0994,10.75,,,,
107.0,134,5000,edge-central,A,403.9143,10.75,,,,
107.0,135,5000,edge-south,A,393.6036,10.75,,,,
107.0,136,5000,edge-west,A,401.633,10.75,,,,
107.0,137,5000,edge-north,A,401.6708,10.75,,,,
107.0,138,5000,edge-central,A,390.0832,10.75,,,,
107.0,139,5000,edge-south,A,393.4642,10.75,,,,
107.0,140,5000,edge-west,A,406.0661,10.75,,,,
107.0,141,5000,edge-north,A,401.2843,10.75,,,,
107.0,142,5000,edge-central,A,384.4897,10.75,,,,
107.0,143,5000,edge-south,A,399.5809,10.75,,,,
107.0,144,5000,edge-west,A,409.1985,10.75,,,,
107.0,145,5000,edge-north,A,403.0702,10.75,,,,
107.0,146,5000,edge-central,A,401.1979,10.75,,,,
107.0,147,5000,edge-south,A,385.6059,10.75,,,,
107.0,148,5000,edge-west,A,379.2933,10.75,,,,
107.0,149,5000,edge-north,A,385.6375,10.75,,,,
107.0,150,5000,edge-central,A,394.779,10.75,,,,
107.0,151,5000,edge-south,A,406.7426,10.75,,,,
107.0,152,5000,edge-west,A,383.7657,10.75,,,,
107.0,153,5000,edge-north,A,405.4572,10.75,,,,
107.0,154,5000,edge-central,A,398.0671,10.75,,,,
107.0,155,5000,edge-south,A,409.3734,10.75,,,,
107.0,156,5000,edge-west,A,377.78,10.75,,,,
107.0,157,5000,edge-north,A,407.3484,10.75,,,,
107.0,158,5000,edge-central,A,390.5727,10.75,,,,
107.0,159,5000,edge-south,A,402.9934,10.75,,,,
107.0,160,5000,edge-west,A,380.0553,10.75,,,,
107.0,161,5000,edge-north,A,400.265,10.75,,,,
107.0,162,5000,edge-central,A,381.5802,10.75,,,,
107.0,163,5000,edge-south,A,392.9276,10.75,,,,
107.0,164,5000,edge-west,A,392.1391,10.75,,,,
107.0,165,5000,edge-north,A,390.6112,10.75,,,,
107.0,166,5000,edge-central,A,390.3639,10.75,,,,
107.0,167,5000,edge-south,A,389.2112,10.75,,,,
107.0,168,5000,edge-west,A,380.6116,10.75,,,,
107.0,169,5000,edge-north,A,406.3413,10.75,,,,
107.0,170,5000,edge-central,A,404.7461,10.75,,,,
107.0,171,5000,edge-south,A,387.5349,10.75,,,,
107.0,172,5000,edge-west,A,381.0524,10.75,,,,
107.0,173,5000,edge-north,A,402.11,10.75,,,,
107.0,174,5000,edge-central,A,383.4481,10.75,,,,
107.0,175,5000,edge-south,A,378.282,10.75,,,,
107.0,176,5000,edge-west,A,407.5774,10.75,,,,
107.0,177,5000,edge-north,A,395.0047,10.75,,,,
107.0,178,5000,edge-central,A,401.5115,10.75,,,,
107.0,179,5000,edge-south,A,378.9615,10.75,,,,
107.0,180,5000,edge-west,A,384.5822,10.75,,,,
107.0,181,5000,edge-north,A,399.3757,10.75,,,,
107.0,182,5000,edge-central,A,384.8256,10.75,,,,
107.0,183,5000,edge-south,A,396.8881,10.75,,,,
107.0,184,5000,edge-west,A,404.9937,10.75,,,,
107.0,185,5000,edge-north,A,378.6941,10.75,,,,
107.0,186,5000,edge-central,A,391.1688,10.75,,,,
107.0,187,5000,edge-south,A,391.3671,10.75,,,,
107.0,188,5000,edge-west,A,391.6594,10.75,,,,
107.0,189,5000,edge-north,A,387.1413,10.75,,,,
107.0,190,5000,edge-central,A,384.8414,10.75,,,,
107.0,191,5000,edge-south,A,402.2403,10.75,,,,
107.0,192,5000,edge-west,A,393.4838,10.75,,,,
107.0,193,5000,edge-north,A,390.3597,10.75,,,,
107.0,194,5000,edge-central,A,400.3285,10.75,,,,
107.0,195,5000,edge-south,A,398.8974,10.75,,,,
107.0,196,5000,edge-west,A,377.6469,10.75,,,,
107.0,197,5000,edge-north,A,400.6465,10.75,,,,
107.0,198,5000,edge-central,A,394.0851,10.75,,,,
107.0,199,5000,edge-south,A,393.3285,10.75,,,,
107.0,200,5000,edge-west,A,405.0044,10.75,,,,
107.0,201,5000,edge-north,A,402.7453,10.75,,,,
107.0,202,5000,edge-central,A,394.9992,10.75,,,,
107.0,203,5000,edge-south,A,406.6953,10.75,,,,
107.0,204,5000,edge-west,A,398.7327,10.75,,,,
107.0,205,5000,edge-north,A,387.0408,10.75,,,,
107.0,206,5000,edge-central,A,383.141,10.75,,,,
107.0,207,5000,edge-south,A,406.994,10.75,,,,
107.0,208,5000,edge-west,A,405.7988,10.75,,,,
107.0,209,5000,edge-north,A,388.205,10.75,,,,
107.0,210,5000,edge-central,A,387.1326,10.75,,,,
107.0,211,5000,edge-south,A,386.8289,10.75,,,,
107.0,212,5000,edge-west,A,401.1284,10.75,,,,
107.0,213,5000,edge-north,A,380.7327,10.75,,,,
107.0,214,5000,edge-central,A,388.4224,10.75,,,,
107.0,215,5000,edge-south,A,388.2182,10.75,,,,
107.0,216,5000,edge-west,A,399.2844,10.75,,,,
107.0,217,5000,edge-north,A,381.2731,10.75,,,,
107.0,218,5000,edge-central,A,388.4851,10.75,,,,
107.0,219,5000,edge-south,A,401.5242,10.75,,,,
107.0,220,5000,edge-west,A,389.1811,10.75,,,,
107.0,221,5000,edge-north,A,391.2405,10.75,,,,
107.0,222,5000,edge-central,A,386.6016,10.75,,,,
107.0,223,5000,edge-south,A,408.9401,10.75,,,,
107.0,224,5000,edge-west,A,397.7775,10.75,,,,
107.0,225,5000,edge-north,A,384.3395,10.75,,,,
107.0,226,5000,edge-central,A,390.1719,10.75,,,,
107.0,227,5000,edge-south,A,389.0082,10.75,,,,
107.0,228,5000,edge-west,A,380.3564,10.75,,,,
107.0,229,5000,edge-north,A,406.5696,10.75,,,,
107.0,230,5000,edge-central,A,402.0944,10.75,,,,
107.0,231,5000,edge-south,A,388.8806,10.75,,,,
107.0,232,5000,edge-west,A,405.2751,10.75,,,,
107.0,233,5000,edge-north,A,385.7333,10.75,,,,
107.0,234,5000,edge-central,A,392.5926,10.75,,,,
107.0,235,5000,edge-south,A,403.5546,10.75,,,,
107.0,236,5000,edge-west,A,404.7491,10.75,,,,
107.0,237,5000,edge-north,A,388.011,10.75,,,,
107.0,238,5000,edge-central,A,406.88,10.75,,,,
107.0,239,5000,edge-south,A,407.5329,10.75,,,,
107.0,240,5000,edge-west,A,388.728,10.75,,,,
107.0,241,5000,edge-north,A,405.8499,10.75,,,,
107.0,242,5000,edge-central,A,393.5497,10.75,,,,
107.0,243,5000,edge-south,A,406.4877,10.75,,,,
107.0,244,5000,edge-west,A,381.8023,10.75,,,,
107.0,245,5000,edge-north,A,380.6191,10.75,,,,
107.0,246,5000,edge-central,A,381.7487,10.75,,,,
107.0,247,5000,edge-south,A,397.5555,10.75,,,,
107.0,248,5000,edge-west,A,398.3068,10.75,,,,
107.0,249,5000,edge-north,A,404.078,10.75,,,,
107.0,250,5000,edge-central,A,391.4004,10.75,,,,
107.0,251,5000,edge-south,A,381.306,10.75,,,,
107.0,252,5000,edge-west,A,384.3688,10.75,,,,
107.0,253,5000,edge-north,A,380.5334,10.75,,,,
107.0,254,5000,edge-central,A,380.6947,10.75,,,,
107.0,255,5000,edge-south,A,399.9402,10.75,,,,
107.0,256,5000,edge-west,A,396.3277,10.75,,,,
107.0,257,5000,edge-north,A,392.7164,10.75,,,,
107.0,258,5000,edge-central,A,403.1385,10.75,,,,
107.0,259,5000,edge-south,A,395.6446,10.75,,,,
107.0,260,5000,edge-west,A,400.9008,10.75,,,,
107.0,261,5000,edge-north,A,390.4083,10.75,,,,
107.0,262,5000,edge-central,A,393.0251,10.75,,,,
107.0,263,5000,edge-south,A,406.8824,10.75,,,,
107.0,264,5000,edge-west,A,382.153,10.75,,,,
107.0,265,5000,edge-north,A,380.8989,10.75,,,,
107.0,266,5000,edge-central,A,382.7606,10.75,,,,
107.0,267,5000,edge-south,A,393.2635,10.75,,,,
107.0,268,5000,edge-west,A,400.7344,10.75,,,,
107.0,269,5000,edge-north,A,384.7838,10.75,,,,
107.0,270,5000,edge-central,A,388.3909,10.75,,,,
107.0,271,5000,edge-south,A,382.9852,10.75,,,,
107.0,272,5000,edge-west,A,380.5761,10.75,,,,
107.0,273,5000,edge-north,A,380.9034,10.75,,,,
107.0,274,5000,edge-central,A,392.1297,10.75,,,,
107.0,275,5000,edge-south,A,405.2901,10.75,,,,
107.0,276,5000,edge-west,A,398.8524,10.75,,,,
107.0,277,5000,edge-north,A,381.9179,10.75,,,,
107.0,278,5000,edge-central,A,407.281,10.75,,,,
107.0,279,5000,edge-south,A,388.2816,10.75,,,,
107.0,280,5000,edge-west,A,382.2144,10.75,,,,
107.0,281,5000,edge-north,A,396.6223,10.75,,,,
107.0,282,5000,edge-central,A,405.1057,10.75,,,,
107.0,283,5000,edge-south,A,387.6197,10.75,,,,
107.0,284,5000,edge-west,A,405.7233,10.75,,,,
107.0,285,5000,edge-north,A,403.8012,10.75,,,,
107.0,286,5000,edge-central,A,403.0585,10.75,,,,
107.0,287,5000,edge-south,A,388.9749,10.75,,,,
107.0,288,5000,edge-west,A,394.7721,10.75,,,,
107.0,289,5000,edge-north,A,389.4088,10.75,,,,
107.0,290,5000,edge-central,A,380.9383,10.75,,,,
107.0,291,5000,edge-south,A,407.3534,10.75,,,,
107.0,292,5000,edge-west,A,391.5811,10.75,,,,
107.0,293,5000,edge-north,A,387.2273,10.75,,,,
107.0,294,5000,edge-central,A,393.7313,10.75,,,,
107.0,295,5000,edge-south,A,383.2903,10.75,,,,
107.0,296,5000,edge-west,A,390.4036,10.75,,,,
107.0,297,5000,edge-north,A,403.4673,10.75,,,,
107.0,298,5000,edge-central,A,380.6531,10.75,,,,
107.0,299,5000,edge-south,A,396.4964,10.75,,,,
107.0,300,5000,edge-west,A,400.577,10.75,,,,
107.0,301,5000,edge-north,A,395.5044,10.75,,,,
107.0,302,5000,edge-central,A,385.1864,10.75,,,,
107.0,303,5000,edge-south,A,394.0196,10.75,,,,
107.0,304,5000,edge-west,A,387.2429,10.75,,,,
107.0,305,5000,edge-north,A,385.4569,10.75,,,,
107.0,306,5000,edge-central,A,386.2051,10.75,,,,
107.0,307,5000,edge-south,A,403.6787,10.75,,,,
107.0,308,5000,edge-west,A,387.4515,10.75,,,,
107.0,309,5000,edge-north,A,383.6081,10.75,,,,
107.0,310,5000,edge-central,A,380.5636,10.75,,,,
107.0,311,5000,edge-south,A,403.7555,10.75,,,,
107.0,312,5000,edge-west,A,389.1915,10.75,,,,
107.0,313,5000,edge-north,A,400.5844,10.75,,,,
107.0,314,5000,edge-central,A,394.0766,10.75,,,,
107.0,315,5000,edge-south,A,408.2439,10.75,,,,
107.0,316,5000,edge-west,A,398.1071,10.75,,,,
107.0,317,5000,edge-north,A,398.1397,10.75,,,,
107.0,318,5000,edge-central,A,378.1184,10.75,,,,
107.0,319,5000,edge-south,A,392.9636,10.75,,,,
107.0,320,5000,edge-west,A,403.1061,10.75,,,,
107.0,321,5000,edge-north,A,401.3534,10.75,,,,
107.0,322,5000,edge-central,A,390.3093,10.75,,,,
107.0,323,5000,edge-south,A,407.8045,10.75,,,,
107.0,324,5000,edge-west,A,383.3052,10.75,,,,
107.0,325,5000,edge-north,A,389.438,10.75,,,,
107.0,326,5000,edge-central,A,387.4438,10.75,,,,
107.0,327,5000,edge-south,A,389.9332,10.75,,,,
107.0,328,5000,edge-west,A,405.0847,10.75,,,,
107.0,329,5000,edge-north,A,384.7362,10.75,,,,
107.0,330,5000,edge-central,A,394.1298,10.75,,,,
107.0,331,5000,edge-south,A,399.6764,10.75,,,,
107.0,332,5000,edge-west,A,377.5451,10.75,,,,
107.0,333,5000,edge-north,A,391.5404,10.75,,,,
107.0,334,5000,edge-central,A,402.1302,10.75,,,,
107.0,335,5000,edge-south,A,379.3705,10.75,,,,
107.0,336,5000,edge-west,A,399.2856,10.75,,,,
107.0,337,5000,edge-north,A,397.1096,10.75,,,,
107.0,338,5000,edge-central,A,399.5951,10.75,,,,
107.0,339,5000,edge-south,A,383.4335,10.75,,,,
107.0,340,5000,edge-west,A,395.4591,10.75,,,,
107.0,341,5000,edge-north,A,388.7549,10.75,,,,
107.0,342,5000,edge-central,A,401.2421,10.75,,,,
107.0,343,5000,edge-south,A,399.3944,10.75,,,,
107.0,344,5000,edge-west,A,389.8793,10.75,,,,
107.0,345,5000,edge-north,A,388.4514,10.75,,,,
107.0,346,5000,edge-central,A,392.4302,10.75,,,,
107.0,347,5000,edge-south,A,401.6841,10.75,,,,
107.0,348,5000,edge-west,A,379.2465,10.75,,,,
107.0,349,5000,edge-north,A,377.6829,10.75,,,,
107.0,350,5000,edge-central,A,387.4666,10.75,,,,
107.0,351,5000,edge-south,A,399.5878,10.75,,,,
107.0,352,5000,edge-west,A,403.0059,10.75,,,,
107.0,353,5000,edge-north,A,393.0376,10.75,,,,
107.0,354,5000,edge-central,A,392.829,10.75,,,,
107.0,355,5000,edge-south,A,402.4175,10.75,,,,
107.0,356,5000,edge-west,A,396.7574,10.75,,,,
107.0,357,5000,edge-north,A,403.2114,10.75,,,,
107.0,358,5000,edge-central,A,397.4235,10.75,,,,
107.0,359,5000,edge-south,A,394.0327,10.75,,,,
107.0,360,5000,edge-west,A,388.7216,10.75,,,,
108.0,243,5000,edge-north,A,399.1,10.75,,,,
109.0,13,5000,edge-central,A,389.8177,10.75,,,,
109.0,23,5000,edge-south,A,396.0193,10.75,,,,
109.0,24,5000,edge-west,A,386.2922,10.75,,,,
109.0,32,5000,edge-north,A,381.5507,10.75,,,,
109.0,45,5000,edge-central,A,405.9012,10.75,,,,
109.0,64,5000,edge-south,A,406.7119,10.75,,,,
109.0,89,5000,edge-west,A,390.5262,10.75,,,,
109.0,94,5000,edge-north,A,389.6604,10.75,,,,
109.0,96,5000,edge-central,A,401.3021,10.75,,,,
109.0,109,5000,edge-south,A,396.2223,10.75,,,,
109.0,124,5000,edge-west,A,401.4751,10.75,,,,
109.0,127,5000,edge-north,A,398.937,10.75,,,,
109.0,145,5000,edge-central,A,382.8024,10.75,,,,
109.0,146,5000,edge-south,A,409.9423,10.75,,,,
109.0,161,5000,edge-west,A,389.0857,10.75,,,,
109.0,196,5000,edge-north,A,388.3543,10.75,,,,
109.0,208,5000,edge-central,A,386.6814,10.75,,,,
109.0,209,5000,edge-south,A,401.4559,10.75,,,,
109.0,228,5000,edge-west,A,400.1571,10.75,,,,
109.0,229,5000,edge-north,A,380.1342,10.75,,,,
109.0,230,5000,edge-central,A,399.4124,10.75,,,,
109.0,231,5000,edge-south,A,389.1807,10.75,,,,
109.0,232,5000,edge-west,A,392.7417,10.75,,,,
109.0,233,5000,edge-north,A,392.3449,10.75,,,,
109.0,249,5000,edge-central,A,401.6456,10.75,,,,
109.0,264,5000,edge-south,A,405.1486,10.75,,,,
109.0,265,5000,edge-west,A,382.8908,10.75,,,,
109.0,267,5000,edge-north,A,384.792,10.75,,,,
109.0,269,5000,edge-central,A,401.7283,10.75,,,,
109.0,282,5000,edge-south,A,399.7476,10.75,,,,
109.0,290,5000,edge-west,A,386.9111,10.75,,,,
109.0,293,5000,edge-north,A,406.9407,10.75,,,,
109.0,300,5000,edge-central,A,387.0473,10.75,,,,
109.0,301,5000,edge-south,A,381.2197,10.75,,,,
109.0,316,5000,edge-west,A,389.7425,10.75,,,,
109.0,317,5000,edge-north,A,409.4096,10.75,,,,
109.0,318,5000,edge-central,A,402.0627,10.75,,,,
109.0,319,5000,edge-south,A,379.2395,10.75,,,,
109.0,320,5000,edge-west,A,388.6028,10.75,,,,
109.0,321,5000,edge-north,A,381.1311,10.75,,,,
109.0,322,5000,edge-central,A,392.9972,10.75,,,,
109.0,323,5000,edge-south,A,405.7685,10.75,,,,
109.0,324,5000,edge-west,A,382.3488,10.75,,,,
109.0,325,5000,edge-north,A,408.6859,10.75,,,,
109.0,326,5000,edge-central,A,380.5538,10.75,,,,
109.0,327,5000,edge-south,A,383.8,10.75,,,,
109.0,328,5000,edge-west,A,406.8632,10.75,,,,
109.0,329,5000,edge-north,A,388.8638,10.75,,,,
109.0,330,5000,edge-central,A,395.0433,10.75,,,,
109.0,331,5000,edge-south,A,393.4623,10.75,,,,
109.0,332,5000,edge-west,A,397.7262,10.75,,,,
109.0,333,5000,edge-north,A,379.3976,10.75,,,,
109.0,334,5000,edge-central,A,393.325,10.75,,,,
109.0,335,5000,edge-south,A,388.6604,10.75,,,,
109.0,336,5000,edge-west,A,393.849,10.75,,,,
109.0,337,5000,edge-north,A,395.9445,10.75,,,,
109.0,338,5000,edge-central,A,386.7634,10.75,,,,
109.0,339,5000,edge-south,A,404.5003,10.75,,,,
109.0,340,5000,edge-west,A,393.5607,10.75,,,,
109.0,341,5000,edge-north,A,394.5422,10.75,,,,
109.0,342,5000,edge-central,A,380.8725,10.75,,,,
109.0,343,5000,edge-south,A,389.9061,10.75,,,,
109.0,344,5000,edge-west,A,409.2506,10.75,,,,
109.0,345,5000,edge-north,A,381.3904,10.75,,,,
109.0,346,5000,edge-central,A,383.4052,10.75,,,,
109.0,347,5000,edge-south,A,392.6639,10.75,,,,
109.0,348,5000,edge-west,A,393.7826,10.75,,,,
109.0,349,5000,edge-north,A,387.7623,10.75,,,,
109.0,350,5000,edge-central,A,400.6325,10.75,,,,
109.0,351,5000,edge-south,A,401.7364,10.75,,,,
109.0,352,5000,edge-west,A,385.5078,10.75,,,,
109.0,353,5000,edge-north,A,383.1995,10.75,,,,
109.0,354,5000,edge-central,A,392.245,10.75,,,,
109.0,355,5000,edge-south,A,404.8855,10.75,,,,
109.0,356,5000,edge-west,A,402.8628,10.75,,,,
109.0,357,5000,edge-north,A,385.7029,10.75,,,,
109.0,358,5000,edge-central,A,384.298,10.75,,,,
109.0,359,5000,edge-south,A,386.3648,10.75,,,,
109.0,360,5000,edge-west,A,402.9222,10.75,,,,
112.0,19,5000,edge-north,A,399.0089,10.75,,,,
112.0,20,5000,edge-central,A,404.8291,10.75,,,,
112.0,55,5000,edge-south,A,404.8529,10.75,,,,
112.0,112,5000,edge-west,A,392.8506,10.75,,,,
112.0,117,5000,edge-north,A,379.9388,10.75,,,,
112.0,118,5000,edge-central,A,405.2682,10.75,,,,
112.0,134,5000,edge-south,A,394.7749,10.75,,,,
112.0,136,5000,edge-west,A,389.2356,10.75,,,,
112.0,145,5000,edge-north,A,399.7879,10.75,,,,
112.0,151,5000,edge-central,A,407.0635,10.75,,,,
112.0,152,5000,edge-south,A,384.9696,10.75,,,,
112.0,174,5000,edge-west,A,405.3438,10.75,,,,
112.0,175,5000,edge-north,A,393.8593,10.75,,,,
112.0,178,5000,edge-central,A,394.2812,10.75,,,,
112.0,179,5000,edge-south,A,387.8701,10.75,,,,
112.0,185,5000,edge-west,A,410.0844,10.75,,,,
112.0,216,5000,edge-north,A,393.5351,10.75,,,,
112.0,220,5000,edge-central,A,393.2188,10.75,,,,
112.0,272,5000,edge-south,A,378.8137,10.75,,,,
112.0,274,5000,edge-west,A,392.1526,10.75,,,,
113.0,122,5000,edge-north,A,389.4799,10.75,,,,
114.0,67,5000,edge-central,A,388.4921,10.75,,,,
116.0,121,5000,edge-south,A,387.6559,10.75,,,,
116.0,122,5000,edge-west,A,395.1328,10.75,,,,
116.0,200,5000,edge-north,A,406.7447,10.75,,,,
116.0,270,5000,edge-central,A,384.4539,10.75,,,,
116.0,278,5000,edge-south,A,395.3201,10.75,,,,
116.0,281,5000,edge-west,A,400.3007,10.75,,,,
118.0,155,5000,edge-north,A,387.3094,10.75,,,,
118.0,322,5000,edge-central,A,387.407,10.75,,,,
118.0,345,5000,edge-south,A,397.9289,10.75,,,,
119.0,4,5000,edge-west,A,396.0646,10.75,,,,
119.0,5,5000,edge-north,A,394.7684,10.75,,,,
119.0,6,5000,edge-central,A,397.0574,10.75,,,,
119.0,7,5000,edge-south,A,406.9455,10.75,,,,
119.0,8,5000,edge-west,A,398.3129,10.75,,,,
119.0,10,5000,edge-north,A,408.8934,10.75,,,,
119.0,11,5000,edge-central,A,383.3225,10.75,,,,
119.0,14,5000,edge-south,A,386.6017,10.75,,,,
119.0,15,5000,edge-west,A,409.3356,10.75,,,,
119.0,16,5000,edge-north,A,399.0232,10.75,,,,
119.0,17,5000,edge-central,A,393.9321,10.75,,,,
119.0,22,5000,edge-south,A,392.0408,10.75,,,,
119.0,24,5000,edge-west,A,385.7691,10.75,,,,
119.0,27,5000,edge-north,A,395.5068,10.75,,,,
119.0,29,5000,edge-central,A,385.8594,10.75,,,,
119.0,33,5000,edge-south,A,401.372,10.75,,,,
119.0,34,5000,edge-west,A,395.4453,10.75,,,,
119.0,35,5000,edge-north,A,385.6917,10.75,,,,
119.0,38,5000,edge-central,A,386.1706,10.75,,,,
119.0,39,5000,edge-south,A,391.0444,10.75,,,,
119.0,42,5000,edge-west,A,407.7758,10.75,,,,
119.0,45,5000,edge-north,A,393.24,10.75,,,,
119.0,46,5000,edge-central,A,406.4223,10.75,,,,
119.0,47,5000,edge-south,A,405.6975,10.75,,,,
119.0,48,5000,edge-west,A,385.4656,10.75,,,,
119.0,49,5000,edge-north,A,383.1399,10.75,,,,
119.0,51,5000,edge-central,A,385.4212,10.75,,,,
119.0,55,5000,edge-south,A,392.7228,10.75,,,,
119.0,56,5000,edge-west,A,396.763,10.75,,,,
119.0,59,5000,edge-north,A,401.0768,10.75,,,,
119.0,60,5000,edge-central,A,385.7173,10.75,,,,
119.0,61,5000,edge-south,A,394.605,10.75,,,,
119.0,62,5000,edge-west,A,398.8556,10.75,,,,
119.0,65,5000,edge-north,A,381.6759,10.75,,,,
119.0,66,5000,edge-central,A,407.3041,10.75,,,,
119.0,68,5000,edge-south,A,380.2831,10.75,,,,
119.0,69,5000,edge-west,A,388.7799,10.75,,,,
119.0,70,5000,edge-north,A,400.0996,10.75,,,,
119.0,72,5000,edge-central,A,387.8104,10.75,,,,
119.0,73,5000,edge-south,A,403.0544,10.75,,,,
119.0,74,5000,edge-west,A,381.2291,10.75,,,,
119.0,76,5000,edge-north,A,399.5473,10.75,,,,
119.0,79,5000,edge-central,A,404.6442,10.75,,,,
119.0,80,5000,edge-south,A,379.5636,10.75,,,,
119.0,84,5000,edge-west,A,403.3229,10.75,,,,
119.0,85,5000,edge-north,A,403.8949,10.75,,,,
119.0,88,5000,edge-central,A,405.1017,10.75,,,,
119.0,89,5000,edge-south,A,378.1224,10.75,,,,
119.0,90,5000,edge-west,A,392.1542,10.75,,,,
119.0,92,5000,edge-north,A,389.6379,10.75,,,,
119.0,93,5000,edge-central,A,395.2463,10.75,,,,
119.0,94,5000,edge-south,A,400.8199,10.75,,,,
119.0,110,5000,edge-west,A,404.0992,10.75,,,,
119.0,111,5000,edge-north,A,392.0614,10.75,,,,
119.0,112,5000,edge-central,A,408.8534,10.75,,,,
119.0,115,5000,edge-south,A,395.9676,10.75,,,,
119.0,117,5000,edge-west,A,408.3239,10.75,,,,
119.0,118,5000,edge-north,A,390.5968,10.75,,,,
119.0,123,5000,edge-central,A,386.5644,10.75,,,,
119.0,124,5000,edge-south,A,387.8083,10.75,,,,
119.0,130,5000,edge-west,A,397.8726,10.75,,,,
119.0,134,5000,edge-north,A,383.9444,10.75,,,,
119.0,135,5000,edge-central,A,380.8589,10.75,,,,
119.0,137,5000,edge-south,A,401.1307,10.75,,,,
119.0,142,5000,edge-west,A,390.651,10.75,,,,
119.0,143,5000,edge-north,A,379.7264,10.75,,,,
119.0,147,5000,edge-central,A,383.6017,10.75,,,,
119.0,150,5000,edge-south,A,405.6214,10.75,,,,
119.0,153,5000,edge-west,A,398.7619,10.75,,,,
119.0,154,5000,edge-north,A,404.1388,10.75,,,,
119.0,155,5000,edge-central,A,402.5329,10.75,,,,
119.0,157,5000,edge-south,A,397.4764,10.75,,,,
119.0,165,5000,edge-west,A,393.5669,10.75,,,,
119.0,167,5000,edge-north,A,383.7973,10.75,,,,
119.0,174,5000,edge-central,A,396.8831,10.75,,,,
119.0,177,5000,edge-south,A,400.0005,10.75,,,,
119.0,178,5000,edge-west,A,399.1857,10.75,,,,
119.0,190,5000,edge-north,A,378.3663,10.75,,,,
119.0,191,5000,edge-central,A,385.4123,10.75,,,,
119.0,192,5000,edge-south,A,402.775,10.75,,,,
119.0,193,5000,edge-west,A,391.9115,10.75,,,,
119.0,195,5000,edge-north,A,390.2843,10.75,,,,
119.0,196,5000,edge-central,A,410.1659,10.75,,,,
119.0,197,5000,edge-south,A,409.5316,10.75,,,,
119.0,199,5000,edge-west,A,406.2086,10.75,,,,
119.0,209,5000,edge-north,A,395.0152,10.75,,,,
119.0,213,5000,edge-central,A,397.757,10.75,,,,
119.0,216,5000,edge-south,A,398.6017,10.75,,,,
119.0,217,5000,edge-west,A,397.6551,10.75,,,,
119.0,219,5000,edge-north,A,392.7976,10.75,,,,
119.0,222,5000,edge-central,A,387.7764,10.75,,,,
119.0,224,5000,edge-south,A,384.1683,10.75,,,,
119.0,227,5000,edge-west,A,381.8228,10.75,,,,
119.0,229,5000,edge-north,A,403.5978,10.75,,,,
119.0,245,5000,edge-central,A,396.0498,10.75,,,,
119.0,246,5000,edge-south,A,395.4998,10.75,,,,
119.0,247,5000,edge-west,A,402.3907,10.75,,,,
119.0,249,5000,edge-north,A,382.9262,10.75,,,,
119.0,250,5000,edge-central,A,399.9512,10.75,,,,
119.0,259,5000,edge-south,A,380.8061,10.75,,,,
119.0,263,5000,edge-west,A,402.7717,10.75,,,,
119.0,264,5000,edge-north,A,379.3696,10.75,,,,
119.0,266,5000,edge-central,A,394.0789,10.75,,,,
119.0,267,5000,edge-south,A,403.2002,10.75,,,,
119.0,276,5000,edge-west,A,397.3779,10.75,,,,
119.0,282,5000,edge-north,A,406.6474,10.75,,,,
119.0,285,5000,edge-central,A,405.0975,10.75,,,,
119.0,288,5000,edge-south,A,392.3259,10.75,,,,
119.0,289,5000,edge-west,A,407.1791,10.75,,,,
119.0,315,5000,edge-north,A,386.1804,10.75,,,,
119.0,316,5000,edge-central,A,406.9847,10.75,,,,
119.0,321,5000,edge-south,A,389.8273,10.75,,,,
119.0,322,5000,edge-west,A,387.0757,10.75,,,,
119.0,323,5000,edge-north,A,390.2655,10.75,,,,
119.0,325,5000,edge-central,A,397.4378,10.75,,,,
119.0,326,5000,edge-south,A,398.8743,10.75,,,,
119.0,331,5000,edge-west,A,408.0794,10.75,,,,
119.0,334,5000,edge-north,A,383.7441,10.75,,,,
119.0,337,5000,edge-central,A,400.3406,10.75,,,,
119.0,340,5000,edge-south,A,382.5175,10.75,,,,
119.0,343,5000,edge-west,A,408.5882,10.75,,,,
121.0,313,5000,edge-north,A,396.5462,10.75,,,,
122.0,0,5000,edge-central,A,392.269,10.75,,,,
122.0,1,5000,edge-south,A,390.9292,10.75,,,,
122.0,2,5000,edge-west,A,400.1609,10.75,,,,
122.0,3,5000,edge-north,A,406.3219,10.75,,,,
122.0,4,5000,edge-central,A,393.24,10.75,,,,
122.0,5,5000,edge-south,A,380.3455,10.75,,,,
122.0,6,5000,edge-west,A,381.6757,10.75,,,,
122.0,7,5000,edge-north,A,395.7688,10.75,,,,
122.0,8,5000,edge-central,A,379.625,10.75,,,,
122.0,9,5000,edge-south,A,383.9559,10.75,,,,
122.0,10,5000,edge-west,A,405.0162,10.75,,,,
122.0,11,5000,edge-north,A,399.7024,10.75,,,,
122.0,12,5000,edge-central,A,409.4327,10.75,,,,
122.0,13,5000,edge-south,A,394.0765,10.75,,,,
122.0,14,5000,edge-west,A,387.6705,10.75,,,,
122.0,15,5000,edge-north,A,404.1732,10.75,,,,
122.0,16,5000,edge-central,A,383.0872,10.75,,,,
122.0,17,5000,edge-south,A,384.4035,10.75,,,,
122.0,18,5000,edge-west,A,384.1789,10.75,,,,
122.0,19,5000,edge-north,A,380.7292,10.75,,,,
122.0,20,5000,edge-central,A,400.7233,10.75,,,,
122.0,21,5000,edge-south,A,396.9019,10.75,,,,
122.0,22,5000,edge-west,A,391.3654,10.75,,,,
122.0,23,5000,edge-north,A,405.7969,10.75,,,,
122.0,24,5000,edge-central,A,398.6435,10.75,,,,
122.0,25,5000,edge-south,A,393.8429,10.75,,,,
122.0,26,5000,edge-west,A,388.1655,10.75,,,,
122.0,27,5000,edge-north,A,395.839,10.75,,,,
122.0,28,5000,edge-central,A,389.442,10.75,,,,
122.0,29,5000,edge-south,A,379.0878,10.75,,,,
122.0,30,5000,edge-west,A,379.8988,10.75,,,,
122.0,31,5000,edge-north,A,380.0958,10.75,,,,
122.0,32,5000,edge-central,A,384.4599,10.75,,,,
122.0,33,5000,edge-south,A,408.2553,10.75,,,,
122.0,34,5000,edge-west,A,402.2212,10.75,,,,
122.0,35,5000,edge-north,A,400.4499,10.75,,,,
122.0,36,5000,edge-central,A,403.5519,10.75,,,,
122.0,38,5000,edge-south,A,388.4845,10.75,,,,
122.0,39,5000,edge-west,A,384.4044,10.75,,,,
122.0,40,5000,edge-north,A,402.6405,10.75,,,,
122.0,41,5000,edge-central,A,408.2436,10.75,,,,
122.0,42,5000,edge-south,A,393.8458,10.75,,,,
122.0,43,5000,edge-west,A,388.4369,10.75,,,,
122.0,44,5000,edge-north,A,396.7518,10.75,,,,
122.0,45,5000,edge-central,A,385.0486,10.75,,,,
122.0,46,5000,edge-south,A,388.6219,10.75,,,,
122.0,47,5000,edge-west,A,408.4649,10.75,,,,
122.0,48,5000,edge-north,A,392.158,10.75,,,,
122.0,49,5000,edge-central,A,383.626,10.75,,,,
122.0,50,5000,edge-south,A,391.3736,10.75,,,,
122.0,51,5000,edge-west,A,403.2014,10.75,,,,
122.0,52,5000,edge-north,A,394.9933,10.75,,,,
122.0,53,5000,edge-central,A,396.4441,10.75,,,,
122.0,54,5000,edge-south,A,382.1163,10.75,,,,
122.0,55,5000,edge-west,A,396.7731,10.75,,,,
122.0,56,5000,edge-north,A,390.2012,10.75,,,,
122.0,59,5000,edge-central,A,407.5481,10.75,,,,
122.0,60,5000,edge-south,A,402.3116,10.75,,,,
122.0,62,5000,edge-west,A,389.1166,10.75,,,,
122.0,63,5000,edge-north,A,384.4347,10.75,,,,
122.0,64,5000,edge-central,A,394.5505,10.75,,,,
122.0,65,5000,edge-south,A,382.7597,10.75,,,,
122.0,66,5000,edge-west,A,399.2017,10.75,,,,
122.0,67,5000,edge-north,A,407.7968,10.75,,,,
122.0,68,5000,edge-central,A,386.9479,10.75,,,,
122.0,69,5000,edge-south,A,405.8631,10.75,,,,
122.0,70,5000,edge-west,A,400.8048,10.75,,,,
122.0,71,5000,edge-north,A,396.0482,10.75,,,,
122.0,72,5000,edge-central,A,382.9985,10.75,,,,
122.0,73,5000,edge-south,A,385.9371,10.75,,,,
122.0,74,5000,edge-west,A,391.0223,10.75,,,,
122.0,75,5000,edge-north,A,392.3753,10.75,,,,
122.0,76,5000,edge-central,A,402.4773,10.75,,,,
122.0,77,5000,edge-south,A,381.6976,10.75,,,,
122.0,78,5000,edge-west,A,386.7439,10.75,,,,
122.0,79,5000,edge-north,A,402.9909,10.75,,,,
122.0,80,5000,edge-central,A,407.2623,10.75,,,,
122.0,81,5000,edge-south,A,384.3113,10.75,,,,
122.0,82,5000,edge-west,A,383.6491,10.75,,,,
122.0,83,5000,edge-north,A,391.1299,10.75,,,,
122.0,84,5000,edge-central,A,400.5113,10.75,,,,
122.0,85,5000,edge-south,A,380.7689,10.75,,,,
122.0,86,5000,edge-west,A,398.7166,10.75,,,,
122.0,87,5000,edge-north,A,383.6122,10.75,,,,
122.0,88,5000,edge-central,A,401.5967,10.75,,,,
122.0,89,5000,edge-south,A,404.7272,10.75,,,,
122.0,90,5000,edge-west,A,405.3186,10.75,,,,
122.0,91,5000,edge-north,A,381.595,10.75,,,,
122.0,92,5000,edge-central,A,385.0244,10.75,,,,
122.0,93,5000,edge-south,A,405.9165,10.75,,,,
122.0,94,5000,edge-west,A,406.6438,10.75,,,,
122.0,95,5000,edge-north,A,399.6226,10.75,,,,
122.0,96,5000,edge-central,A,409.4292,10.75,,,,
122.0,97,5000,edge-south,A,397.7812,10.75,,,,
122.0,98,5000,edge-west,A,403.4115,10.75,,,,
122.0,99,5000,edge-north,A,395.1745,10.75,,,,
122.0,100,5000,edge-central,A,383.4378,10.75,,,,
122.0,101,5000,edge-south,A,389.0849,10.75,,,,
122.0,102,5000,edge-west,A,390.5003,10.75,,,,
122.0,103,5000,edge-north,A,384.3016,10.75,,,,
122.0,104,5000,edge-central,A,395.3107,10.75,,,,
122.0,105,5000,edge-south,A,396.419,10.75,,,,
122.0,106,5000,edge-west,A,393.8831,10.75,,,,
122.0,107,5000,edge-north,A,398.986,10.75,,,,
122.0,108,5000,edge-central,A,394.0245,10.75,,,,
122.0,109,5000,edge-south,A,401.6671,10.75,,,,
122.0,111,5000,edge-west,A,409.5787,10.75,,,,
122.0,112,5000,edge-north,A,402.185,10.75,,,,
122.0,113,5000,edge-central,A,394.6276,10.75,,,,
122.0,114,5000,edge-south,A,393.6219,10.75,,,,
122.0,121,5000,edge-west,A,382.3966,10.75,,,,
122.0,122,5000,edge-north,A,407.8147,10.75,,,,
122.0,123,5000,edge-central,A,388.5678,10.75,,,,
122.0,124,5000,edge-south,A,396.0554,10.75,,,,
122.0,125,5000,edge-west,A,380.9234,10.75,,,,
122.0,126,5000,edge-north,A,407.7876,10.75,,,,
122.0,127,5000,edge-central,A,395.5247,10.75,,,,
122.0,128,5000,edge-south,A,405.3347,10.75,,,,
122.0,129,5000,edge-west,A,384.7396,10.75,,,,
122.0,130,5000,edge-north,A,381.249,10.75,,,,
122.0,131,5000,edge-central,A,391.0294,10.75,,,,
122.0,132,5000,edge-south,A,382.9294,10.75,,,,
122.0,133,5000,edge-west,A,387.8631,10.75,,,,
122.0,134,5000,edge-north,A,381.3012,10.75,,,,
122.0,135,5000,edge-central,A,385.2588,10.75,,,,
122.0,136,5000,edge-south,A,401.0458,10.75,,,,
122.0,137,5000,edge-west,A,389.3412,10.75,,,,
122.0,138,5000,edge-north,A,405.1277,10.75,,,,
122.0,139,5000,edge-central,A,379.8057,10.75,,,,
122.0,140,5000,edge-south,A,378.6365,10.75,,,,
122.0,141,5000,edge-west,A,390.3982,10.75,,,,
122.0,142,5000,edge-north,A,384.989,10.75,,,,
122.0,143,5000,edge-central,A,405.146,10.75,,,,
122.0,144,5000,edge-south,A,391.7975,10.75,,,,
122.0,145,5000,edge-west,A,395.2134,10.75,,,,
122.0,146,5000,edge-north,A,406.4345,10.75,,,,
122.0,147,5000,edge-central,A,408.4741,10.75,,,,
122.0,148,5000,edge-south,A,396.2615,10.75,,,,
122.0,149,5000,edge-west,A,380.2671,10.75,,,,
122.0,150,5000,edge-north,A,408.1658,10.75,,,,
122.0,151,5000,edge-central,A,404.4959,10.75,,,,
122.0,152,5000,edge-south,A,386.8465,10.75,,,,
122.0,153,5000,edge-west,A,394.0208,10.75,,,,
122.0,154,5000,edge-north,A,403.1605,10.75,,,,
122.0,155,5000,edge-central,A,409.1055,10.75,,,,
122.0,156,5000,edge-south,A,394.9946,10.75,,,,
122.0,157,5000,edge-west,A,399.4155,10.75,,,,
122.0,158,5000,edge-north,A,396.7283,10.75,,,,
122.0,159,5000,edge-central,A,394.8396,10.75,,,,
122.0,160,5000,edge-south,A,380.9308,10.75,,,,
122.0,161,5000,edge-west,A,396.4264,10.75,,,,
122.0,163,5000,edge-north,A,404.0373,10.75,,,,
122.0,166,5000,edge-central,A,396.825,10.75,,,,
122.0,167,5000,edge-south,A,396.877,10.75,,,,
122.0,168,5000,edge-west,A,407.6103,10.75,,,,
122.0,169,5000,edge-north,A,397.272,10.75,,,,
122.0,172,5000,edge-central,A,397.0531,10.75,,,,
122.0,173,5000,edge-south,A,391.0181,10.75,,,,
122.0,174,5000,edge-west,A,377.7769,10.75,,,,
122.0,175,5000,edge-north,A,392.856,10.75,,,,
122.0,176,5000,edge-central,A,398.1933,10.75,,,,
122.0,177,5000,edge-south,A,405.3202,10.75,,,,
122.0,178,5000,edge-west,A,409.6319,10.75,,,,
122.0,179,5000,edge-north,A,389.8659,10.75,,,,
122.0,180,5000,edge-central,A,397.0948,10.75,,,,
122.0,181,5000,edge-south,A,407.337,10.75,,,,
122.0,182,5000,edge-west,A,386.8325,10.75,,,,
122.0,183,5000,edge-north,A,395.1369,10.75,,,,
122.0,184,5000,edge-central,A,392.1115,10.75,,,,
122.0,185,5000,edge-south,A,406.1122,10.75,,,,
122.0,186,5000,edge-west,A,402.2512,10.75,,,,
122.0,187,5000,edge-north,A,396.2104,10.75,,,,
122.0,188,5000,edge-central,A,391.8325,10.75,,,,
122.0,189,5000,edge-south,A,391.5676,10.75,,,,
122.0,190,5000,edge-west,A,395.4659,10.75,,,,
122.0,191,5000,edge-north,A,403.4627,10.75,,,,
122.0,192,5000,edge-central,A,398.8132,10.75,,,,
122.0,193,5000,edge-south,A,392.5937,10.75,,,,
122.0,195,5000,edge-west,A,393.404,10.75,,,,
122.0,196,5000,edge-north,A,404.7872,10.75,,,,
122.0,197,5000,edge-central,A,383.489,10.75,,,,
122.0,198,5000,edge-south,A,405.6592,10.75,,,,
122.0,199,5000,edge-west,A,380.9719,10.75,,,,
122.0,201,5000,edge-north,A,398.3161,10.75,,,,
122.0,203,5000,edge-central,A,383.6278,10.75,,,,
122.0,204,5000,edge-south,A,405.0722,10.75,,,,
122.0,205,5000,edge-west,A,385.4463,10.75,,,,
122.0,206,5000,edge-north,A,389.9933,10.75,,,,
122.0,207,5000,edge-central,A,387.4846,10.75,,,,
122.0,208,5000,edge-south,A,395.1523,10.75,,,,
122.0,209,5000,edge-west,A,386.0395,10.75,,,,
122.0,210,5000,edge-north,A,405.7589,10.75,,,,
122.0,211,5000,edge-central,A,404.5169,10.75,,,,
122.0,212,5000,edge-south,A,408.7236,10.75,,,,
122.0,213,5000,edge-west,A,394.4011,10.75,,,,
122.0,214,5000,edge-north,A,395.9355,10.75,,,,
122.0,215,5000,edge-central,A,404.832,10.75,,,,
122.0,216,5000,edge-south,A,386.9426,10.75,,,,
122.0,217,5000,edge-west,A,387.1588,10.75,,,,
122.0,218,5000,edge-north,A,380.9068,10.75,,,,
122.0,219,5000,edge-central,A,383.6897,10.75,,,,
122.0,220,5000,edge-south,A,380.4805,10.75,,,,
122.0,221,5000,edge-west,A,391.6266,10.75,,,,
122.0,222,5000,edge-north,A,380.5096,10.75,,,,
122.0,223,5000,edge-central,A,382.9137,10.75,,,,
122.0,224,5000,edge-south,A,381.1794,10.75,,,,
122.0,225,5000,edge-west,A,377.8836,10.75,,,,
122.0,226,5000,edge-north,A,393.1429,10.75,,,,
122.0,227,5000,edge-central,A,399.1676,10.75,,,,
122.0,228,5000,edge-south,A,377.8396,10.75,,,,
122.0,229,5000,edge-west,A,392.6535,10.75,,,,
122.0,230,5000,edge-north,A,378.1215,10.75,,,,
122.0,231,5000,edge-central,A,402.574,10.75,,,,
122.0,232,5000,edge-south,A,404.1688,10.75,,,,
122.0,233,5000,edge-west,A,403.532,10.75,,,,
122.0,234,5000,edge-north,A,378.4567,10.75,,,,
122.0,235,5000,edge-central,A,396.3859,10.75,,,,
122.0,236,5000,edge-south,A,395.6927,10.75,,,,
122.0,239,5000,edge-west,A,404.4203,10.75,,,,
122.0,240,5000,edge-north,A,393.351,10.75,,,,
122.0,241,5000,edge-central,A,405.9991,10.75,,,,
122.0,242,5000,edge-south,A,400.0029,10.75,,,,
122.0,243,5000,edge-west,A,387.8782,10.75,,,,
122.0,244,5000,edge-north,A,393.9349,10.75,,,,
122.0,245,5000,edge-central,A,391.0564,10.75,,,,
122.0,246,5000,edge-south,A,396.9237,10.75,,,,
122.0,247,5000,edge-west,A,400.6357,10.75,,,,
122.0,252,5000,edge-north,A,401.7407,10.75,,,,
122.0,254,5000,edge-central,A,389.9263,10.75,,,,
122.0,257,5000,edge-south,A,382.4573,10.75,,,,
122.0,258,5000,edge-west,A,408.6712,10.75,,,,
122.0,259,5000,edge-north,A,403.208,10.75,,,,
122.0,260,5000,edge-central,A,402.9946,10.75,,,,
122.0,261,5000,edge-south,A,398.5001,10.75,,,,
122.0,262,5000,edge-west,A,405.7348,10.75,,,,
122.0,263,5000,edge-north,A,407.8512,10.75,,,,
122.0,264,5000,edge-central,A,384.9522,10.75,,,,
122.0,265,5000,edge-south,A,381.7585,10.75,,,,
122.0,266,5000,edge-west,A,407.5848,10.75,,,,
122.0,267,5000,edge-north,A,392.5109,10.75,,,,
122.0,268,5000,edge-central,A,406.2004,10.75,,,,
122.0,269,5000,edge-south,A,396.1324,10.75,,,,
122.0,270,5000,edge-west,A,403.3684,10.75,,,,
122.0,271,5000,edge-north,A,380.3959,10.75,,,,
122.0,272,5000,edge-central,A,393.5526,10.75,,,,
122.0,273,5000,edge-south,A,388.0312,10.75,,,,
122.0,274,5000,edge-west,A,406.4425,10.75,,,,
122.0,275,5000,edge-north,A,394.8742,10.75,,,,
122.0,276,5000,edge-central,A,403.9029,10.75,,,,
122.0,277,5000,edge-south,A,391.5193,10.75,,,,
122.0,278,5000,edge-west,A,384.3708,10.75,,,,
122.0,279,5000,edge-north,A,392.0685,10.75,,,,
122.0,280,5000,edge-central,A,383.1048,10.75,,,,
122.0,281,5000,edge-south,A,384.2135,10.75,,,,
122.0,282,5000,edge-west,A,389.8003,10.75,,,,
122.0,283,5000,edge-north,A,384.5539,10.75,,,,
122.0,284,5000,edge-central,A,397.1021,10.75,,,,
122.0,285,5000,edge-south,A,399.3481,10.75,,,,
122.0,286,5000,edge-west,A,399.8445,10.75,,,,
122.0,287,5000,edge-north,A,396.0376,10.75,,,,
122.0,289,5000,edge-central,A,392.3555,10.75,,,,
122.0,290,5000,edge-south,A,394.2161,10.75,,,,
122.0,291,5000,edge-west,A,384.3056,10.75,,,,
122.0,292,5000,edge-north,A,382.1195,10.75,,,,
122.0,293,5000,edge-central,A,395.8015,10.75,,,,
122.0,294,5000,edge-south,A,383.8463,10.75,,,,
122.0,295,5000,edge-west,A,399.1838,10.75,,,,
122.0,296,5000,edge-north,A,386.1215,10.75,,,,
122.0,297,5000,edge-central,A,408.007,10.75,,,,
122.0,298,5000,edge-south,A,398.364,10.75,,,,
122.0,299,5000,edge-west,A,407.6144,10.75,,,,
122.0,300,5000,edge-north,A,408.5679,10.75,,,,
122.0,301,5000,edge-central,A,408.0175,10.75,,,,
122.0,302,5000,edge-south,A,389.0133,10.75,,,,
122.0,303,5000,edge-west,A,406.4141,10.75,,,,
122.0,304,5000,edge-north,A,401.2009,10.75,,,,
122.0,305,5000,edge-central,A,399.4933,10.75,,,,
122.0,306,5000,edge-south,A,406.3945,10.75,,,,
122.0,307,5000,edge-west,A,399.7723,10.75,,,,
122.0,308,5000,edge-north,A,407.5896,10.75,,,,
122.0,309,5000,edge-central,A,401.8385,10.75,,,,
122.0,310,5000,edge-south,A,405.8181,10.75,,,,
122.0,312,5000,edge-west,A,387.1294,10.75,,,,
122.0,313,5000,edge-north,A,382.8077,10.75,,,,
122.0,314,5000,edge-central,A,399.7897,10.75,,,,
122.0,315,5000,edge-south,A,395.5472,10.75,,,,
122.0,316,5000,edge-west,A,400.7993,10.75,,,,
122.0,317,5000,edge-north,A,400.1712,10.75,,,,
122.0,318,5000,edge-central,A,392.2619,10.75,,,,
122.0,319,5000,edge-south,A,402.7506,10.75,,,,
122.0,320,5000,edge-west,A,386.9591,10.75,,,,
122.0,321,5000,edge-north,A,383.8886,10.75,,,,
122.0,322,5000,edge-central,A,405.5645,10.75,,,,
122.0,323,5000,edge-south,A,396.6934,10.75,,,,
122.0,324,5000,edge-west,A,395.5288,10.75,,,,
122.0,325,5000,edge-north,A,407.6363,10.75,,,,
122.0,326,5000,edge-central,A,393.1016,10.75,,,,
122.0,327,5000,edge-south,A,390.3771,10.75,,,,
122.0,328,5000,edge-west,A,388.9103,10.75,,,,
122.0,329,5000,edge-north,A,407.7681,10.75,,,,
122.0,330,5000,edge-central,A,395.1821,10.75,,,,
122.0,331,5000,edge-south,A,399.8304,10.75,,,,
122.0,332,5000,edge-west,A,396.1322,10.75,,,,
122.0,333,5000,edge-north,A,410.6629,10.75,,,,
122.0,334,5000,edge-central,A,392.3676,10.75,,,,
122.0,335,5000,edge-south,A,401.4996,10.75,,,,
122.0,336,5000,edge-west,A,392.5204,10.75,,,,
122.0,337,5000,edge-north,A,401.3357,10.75,,,,
122.0,338,5000,edge-central,A,383.8939,10.75,,,,
122.0,339,5000,edge-south,A,384.7905,10.75,,,,
122.0,340,5000,edge-west,A,399.8158,10.75,,,,
122.0,341,5000,edge-north,A,393.5218,10.75,,,,
122.0,342,5000,edge-central,A,404.0311,10.75,,,,
122.0,343,5000,edge-south,A,404.2342,10.75,,,,
122.0,344,5000,edge-west,A,407.264,10.75,,,,
122.0,345,5000,edge-north,A,408.7638,10.75,,,,
122.0,346,5000,edge-central,A,392.9718,10.75,,,,
122.0,347,5000,edge-south,A,383.2399,10.75,,,,
122.0,348,5000,edge-west,A,382.1208,10.75,,,,
122.0,349,5000,edge-north,A,388.722,10.75,,,,
122.0,350,5000,edge-central,A,388.2048,10.75,,,,
122.0,351,5000,edge-south,A,399.7508,10.75,,,,
122.0,352,5000,edge-west,A,396.7907,10.75,,,,
122.0,353,5000,edge-north,A,384.8256,10.75,,,,
122.0,354,5000,edge-central,A,389.3019,10.75,,,,
122.0,355,5000,edge-south,A,404.0661,10.75,,,,
122.0,356,5000,edge-west,A,398.8269,10.75,,,,
122.0,357,5000,edge-north,A,391.0069,10.75,,,,
122.0,358,5000,edge-central,A,388.6704,10.75,,,,
122.0,359,5000,edge-south,A,394.1654,10.75,,,,
122.0,360,5000,edge-west,A,399.6303,10.75,,,,
124.0,64,5000,edge-north,A,391.9538,10.75,,,,
200.0,0,5000,edge-central,A,384.8708,10.75,,,,
200.0,4,5000,edge-south,A,405.3135,10.75,,,,
200.0,26,5000,edge-west,A,408.9935,10.75,,,,
200.0,69,5000,edge-north,A,403.912,10.75,,,,
200.0,96,5000,edge-central,A,399.9534,10.75,,,,
200.0,118,5000,edge-south,A,387.9527,10.75,,,,
200.0,122,5000,edge-west,A,401.7035,10.75,,,,
200.0,189,5000,edge-north,A,394.3045,10.75,,,,
200.0,193,5000,edge-central,A,389.4322,10.75,,,,
200.0,207,5000,edge-south,A,391.0541,10.75,,,,
200.0,226,5000,edge-west,A,380.1447,10.75,,,,
200.0,285,5000,edge-north,A,387.6969,10.75,,,,
200.0,315,5000,edge-central,A,398.033,10.75,,,,
203.0,1,5000,edge-south,A,390.5526,10.75,,,,
203.0,8,5000,edge-west,A,391.9907,10.75,,,,
203.0,9,5000,edge-north,A,402.0315,10.75,,,,
203.0,12,5000,edge-central,A,398.7218,10.75,,,,
203.0,13,5000,edge-south,A,391.1281,10.75,,,,
203.0,18,5000,edge-west,A,381.1342,10.75,,,,
203.0,19,5000,edge-north,A,398.9779,10.75,,,,
203.0,20,5000,edge-central,A,402.8308,10.75,,,,
203.0,21,5000,edge-south,A,394.0575,10.75,,,,
203.0,31,5000,edge-west,A,400.5437,10.75,,,,
203.0,43,5000,edge-north,A,388.4115,10.75,,,,
203.0,44,5000,edge-central,A,400.403,10.75,,,,
203.0,45,5000,edge-south,A,393.5557,10.75,,,,
203.0,46,5000,edge-west,A,388.7854,10.75,,,,
203.0,49,5000,edge-north,A,389.4656,10.75,,,,
203.0,50,5000,edge-central,A,384.8169,10.75,,,,
203.0,51,5000,edge-south,A,392.4687,10.75,,,,
203.0,53,5000,edge-west,A,399.1862,10.75,,,,
203.0,55,5000,edge-north,A,404.8258,10.75,,,,
203.0,56,5000,edge-central,A,392.7183,10.75,,,,
203.0,57,5000,edge-south,A,387.9171,10.75,,,,
203.0,58,5000,edge-west,A,389.839,10.75,,,,
203.0,60,5000,edge-north,A,397.0614,10.75,,,,
203.0,61,5000,edge-central,A,403.4469,10.75,,,,
203.0,68,5000,edge-south,A,402.9374,10.75,,,,
203.0,69,5000,edge-west,A,404.1097,10.75,,,,
203.0,71,5000,edge-north,A,388.4166,10.75,,,,
203.0,72,5000,edge-central,A,386.8303,10.75,,,,
203.0,78,5000,edge-south,A,386.7909,10.75,,,,
203.0,82,5000,edge-west,A,391.5759,10.75,,,,
203.0,85,5000,edge-north,A,398.6668,10.75,,,,
203.0,86,5000,edge-central,A,401.3132,10.75,,,,
203.0,87,5000,edge-south,A,391.367,10.75,,,,
203.0,88,5000,edge-west,A,386.5156,10.75,,,,
203.0,89,5000,edge-north,A,386.8753,10.75,,,,
203.0,90,5000,edge-central,A,405.8356,10.75,,,,
203.0,99,5000,edge-south,A,382.0038,10.75,,,,
203.0,100,5000,edge-west,A,406.0481,10.75,,,,
203.0,102,5000,edge-north,A,402.7865,10.75,,,,
203.0,105,5000,edge-central,A,403.2227,10.75,,,,
203.0,117,5000,edge-south,A,405.9443,10.75,,,,
203.0,118,5000,edge-west,A,394.4906,10.75,,,,
203.0,122,5000,edge-north,A,381.462,10.75,,,,
203.0,123,5000,edge-central,A,402.191,10.75,,,,
203.0,124,5000,edge-south,A,380.9764,10.75,,,,
203.0,125,5000,edge-west,A,403.0847,10.75,,,,
203.0,130,5000,edge-north,A,386.3259,10.75,,,,
203.0,139,5000,edge-central,A,403.5357,10.75,,,,
203.0,140,5000,edge-south,A,393.0772,10.75,,,,
203.0,142,5000,edge-west,A,385.9614,10.75,,,,
203.0,150,5000,edge-north,A,397.4571,10.75,,,,
203.0,151,5000,edge-central,A,393.5479,10.75,,,,
203.0,152,5000,edge-south,A,393.389,10.75,,,,
203.0,159,5000,edge-west,A,384.0881,10.75,,,,
203.0,160,5000,edge-north,A,386.4769,10.75,,,,
203.0,178,5000,edge-central,A,400.6169,10.75,,,,
203.0,179,5000,edge-south,A,378.3324,10.75,,,,
203.0,181,5000,edge-west,A,405.6481,10.75,,,,
203.0,183,5000,edge-north,A,379.1539,10.75,,,,
203.0,189,5000,edge-central,A,381.8299,10.75,,,,
203.0,195,5000,edge-south,A,382.5468,10.75,,,,
203.0,199,5000,edge-west,A,408.6207,10.75,,,,
203.0,201,5000,edge-north,A,384.821,10.75,,,,
203.0,207,5000,edge-central,A,404.2844,10.75,,,,
203.0,208,5000,edge-south,A,405.3883,10.75,,,,
203.0,209,5000,edge-west,A,380.6945,10.75,,,,
203.0,212,5000,edge-north,A,397.6837,10.75,,,,
203.0,214,5000,edge-central,A,391.3915,10.75,,,,
203.0,215,5000,edge-south,A,392.9521,10.75,,,,
203.0,216,5000,edge-west,A,391.4877,10.75,,,,
203.0,217,5000,edge-north,A,403.5679,10.75,,,,
203.0,219,5000,edge-central,A,384.7225,10.75,,,,
203.0,220,5000,edge-south,A,389.3215,10.75,,,,
203.0,221,5000,edge-west,A,391.9677,10.75,,,,
203.0,223,5000,edge-north,A,379.9443,10.75,,,,
203.0,224,5000,edge-central,A,392.3197,10.75,,,,
203.0,225,5000,edge-south,A,396.3676,10.75,,,,
203.0,227,5000,edge-west,A,401.5544,10.75,,,,
203.0,228,5000,edge-north,A,386.8067,10.75,,,,
203.0,229,5000,edge-central,A,400.6634,10.75,,,,
203.0,230,5000,edge-south,A,399.6824,10.75,,,,
203.0,231,5000,edge-west,A,401.2662,10.75,,,,
203.0,232,5000,edge-north,A,381.3082,10.75,,,,
203.0,233,5000,edge-central,A,389.7966,10.75,,,,
203.0,234,5000,edge-south,A,389.4961,10.75,,,,
203.0,240,5000,edge-west,A,407.3476,10.75,,,,
203.0,243,5000,edge-north,A,406.5903,10.75,,,,
203.0,244,5000,edge-central,A,380.8578,10.75,,,,
203.0,246,5000,edge-south,A,398.7672,10.75,,,,
203.0,247,5000,edge-west,A,382.7498,10.75,,,,
203.0,248,5000,edge-north,A,381.9661,10.75,,,,
203.0,249,5000,edge-central,A,379.9996,10.75,,,,
203.0,250,5000,edge-south,A,382.4976,10.75,,,,
203.0,251,5000,edge-west,A,382.7437,10.75,,,,
203.0,252,5000,edge-north,A,379.0373,10.75,,,,
203.0,254,5000,edge-central,A,406.416,10.75,,,,
203.0,257,5000,edge-south,A,401.732,10.75,,,,
203.0,258,5000,edge-west,A,407.7144,10.75,,,,
203.0,259,5000,edge-north,A,393.4455,10.75,,,,
203.0,261,5000,edge-central,A,393.3498,10.75,,,,
203.0,262,5000,edge-south,A,398.639,10.75,,,,
203.0,263,5000,edge-west,A,389.2606,10.75,,,,
203.0,264,5000,edge-north,A,399.1638,10.75,,,,
203.0,265,5000,edge-central,A,390.8969,10.75,,,,
203.0,269,5000,edge-south,A,403.772,10.75,,,,
203.0,277,5000,edge-west,A,388.9799,10.75,,,,
203.0,284,5000,edge-north,A,394.4787,10.75,,,,
203.0,294,5000,edge-central,A,399.9729,10.75,,,,
203.0,295,5000,edge-south,A,390.273,10.75,,,,
203.0,297,5000,edge-west,A,405.0927,10.75,,,,
203.0,298,5000,edge-north,A,395.751,10.75,,,,
203.0,299,5000,edge-central,A,379.6253,10.75,,,,
203.0,305,5000,edge-south,A,391.7846,10.75,,,,
203.0,310,5000,edge-west,A,401.495,10.75,,,,
203.0,312,5000,edge-north,A,381.2074,10.75,,,,
203.0,313,5000,edge-central,A,408.6268,10.75,,,,
203.0,316,5000,edge-south,A,401.5056,10.75,,,,
203.0,321,5000,edge-west,A,399.8206,10.75,,,,
203.0,323,5000,edge-north,A,407.413,10.75,,,,
203.0,327,5000,edge-central,A,397.336,10.75,,,,
203.0,328,5000,edge-south,A,393.244,10.75,,,,
203.0,331,5000,edge-west,A,398.7666,10.75,,,,
203.0,333,5000,edge-north,A,382.374,10.75,,,,
203.0,339,5000,edge-central,A,381.0666,10.75,,,,
203.0,344,5000,edge-south,A,404.9129,10.75,,,,
203.0,346,5000,edge-west,A,397.4034,10.75,,,,
203.0,347,5000,edge-north,A,405.9328,10.75,,,,
203.0,358,5000,edge-central,A,404.531,10.75,,,,
205.0,60,5000,edge-south,A,388.1202,10.75,,,,
205.0,292,5000,edge-west,A,378.9663,10.75,,,,
207.0,0,5000,edge-north,A,395.8035,10.75,,,,
207.0,1,5000,edge-central,A,377.8384,10.75,,,,
207.0,2,5000,edge-south,A,378.8237,10.75,,,,
207.0,3,5000,edge-west,A,400.4106,10.75,,,,
207.0,4,5000,edge-north,A,390.0158,10.75,,,,
207.0,5,5000,edge-central,A,403.1286,10.75,,,,
207.0,6,5000,edge-south,A,385.0589,10.75,,,,
207.0,8,5000,edge-west,A,381.4065,10.75,,,,
207.0,9,5000,edge-north,A,390.9716,10.75,,,,
207.0,10,5000,edge-central,A,404.8519,10.75,,,,
207.0,11,5000,edge-south,A,384.53,10.75,,,,
207.0,14,5000,edge-west,A,403.18,10.75,,,,
207.0,16,5000,edge-north,A,392.0886,10.75,,,,
207.0,26,5000,edge-central,A,391.3672,10.75,,,,
207.0,53,5000,edge-south,A,383.0347,10.75,,,,
207.0,56,5000,edge-west,A,402.3027,10.75,,,,
207.0,57,5000,edge-north,A,388.4226,10.75,,,,
207.0,64,5000,edge-central,A,380.2455,10.75,,,,
207.0,83,5000,edge-south,A,384.8014,10.75,,,,
207.0,98,5000,edge-west,A,396.5992,10.75,,,,
207.0,103,5000,edge-north,A,398.6761,10.75,,,,
207.0,307,5000,edge-central,A,388.449,10.75,,,,
207.0,308,5000,edge-south,A,379.647,10.75,,,,
207.0,327,5000,edge-west,A,393.187,10.75,,,,
207.0,344,5000,edge-north,A,386.6948,10.75,,,,
207.0,345,5000,edge-central,A,409.0559,10.75,,,,
207.0,347,5000,edge-south,A,391.7861,10.75,,,,
207.0,348,5000,edge-west,A,392.6176,10.75,,,,
207.0,349,5000,edge-north,A,385.5525,10.75,,,,
207.0,355,5000,edge-central,A,379.9058,10.75,,,,
207.0,356,5000,edge-south,A,394.1299,10.75,,,,
207.0,357,5000,edge-west,A,401.4254,10.75,,,,
207.0,358,5000,edge-north,A,405.7533,10.75,,,,
207.0,359,5000,edge-central,A,380.5482,10.75,,,,
207.0,360,5000,edge-south,A,379.0726,10.75,,,,
208.0,0,5000,edge-west,A,405.3452,10.75,,,,
208.0,1,5000,edge-north,A,379.7895,10.75,,,,
208.0,2,5000,edge-central,A,402.2153,10.75,,,,
208.0,21,5000,edge-south,A,382.4841,10.75,,,,
208.0,89,5000,edge-west,A,384.1076,10.75,,,,
208.0,97,5000,edge-north,A,401.1551,10.75,,,,
208.0,108,5000,edge-central,A,389.8685,10.75,,,,
208.0,115,5000,edge-south,A,392.029,10.75,,,,
208.0,118,5000,edge-west,A,403.2662,10.75,,,,
208.0,153,5000,edge-north,A,391.9978,10.75,,,,
208.0,154,5000,edge-central,A,386.9912,10.75,,,,
208.0,158,5000,edge-south,A,396.1872,10.75,,,,
208.0,243,5000,edge-west,A,383.323,10.75,,,,
208.0,252,5000,edge-north,A,380.1714,10.75,,,,
208.0,253,5000,edge-central,A,388.5302,10.75,,,,
210.0,196,5000,edge-south,A,393.2089,10.75,,,,
213.0,0,5000,edge-west,A,385.4615,10.75,,,,
213.0,1,5000,edge-north,A,404.5079,10.75,,,,
213.0,2,5000,edge-central,A,385.4719,10.75,,,,
213.0,3,5000,edge-south,A,406.4746,10.75,,,,
213.0,4,5000,edge-west,A,388.6431,10.75,,,,
213.0,5,5000,edge-north,A,381.4077,10.75,,,,
213.0,6,5000,edge-central,A,401.4957,10.75,,,,
213.0,7,5000,edge-south,A,382.7376,10.75,,,,
213.0,8,5000,edge-west,A,381.8782,10.75,,,,
213.0,9,5000,edge-north,A,387.3011,10.75,,,,
213.0,10,5000,edge-central,A,389.6577,10.75,,,,
213.0,11,5000,edge-south,A,399.0166,10.75,,,,
213.0,12,5000,edge-west,A,409.8284,10.75,,,,
213.0,13,5000,edge-north,A,390.2913,10.75,,,,
213.0,14,5000,edge-central,A,387.3224,10.75,,,,
213.0,15,5000,edge-south,A,386.5238,10.75,,,,
213.0,16,5000,edge-west,A,391.3231,10.75,,,,
213.0,17,5000,edge-north,A,382.9084,10.75,,,,
213.0,18,5000,edge-central,A,381.637,10.75,,,,
213.0,19,5000,edge-south,A,392.8442,10.75,,,,
213.0,20,5000,edge-west,A,391.231,10.75,,,,
213.0,21,5000,edge-north,A,403.987,10.75,,,,
213.0,22,5000,edge-central,A,381.5448,10.75,,,,
213.0,23,5000,edge-south,A,387.4843,10.75,,,,
213.0,24,5000,edge-west,A,394.6231,10.75,,,,
213.0,25,5000,edge-north,A,381.5517,10.75,,,,
213.0,26,5000,edge-central,A,382.9674,10.75,,,,
213.0,27,5000,edge-south,A,385.1263,10.75,,,,
213.0,28,5000,edge-west,A,388.7541,10.75,,,,
213.0,29,5000,edge-north,A,388.8367,10.75,,,,
213.0,30,5000,edge-central,A,385.9931,10.75,,,,
213.0,31,5000,edge-south,A,398.6843,10.75,,,,
213.0,32,5000,edge-west,A,379.6969,10.75,,,,
213.0,33,5000,edge-north,A,399.8072,10.75,,,,
213.0,34,5000,edge-central,A,403.3396,10.75,,,,
213.0,35,5000,edge-south,A,383.1601,10.75,,,,
213.0,36,5000,edge-west,A,393.012,10.75,,,,
213.0,37,5000,edge-north,A,398.9722,10.75,,,,
213.0,38,5000,edge-central,A,386.9503,10.75,,,,
213.0,39,5000,edge-south,A,392.4571,10.75,,,,
213.0,40,5000,edge-west,A,394.8013,10.75,,,,
213.0,41,5000,edge-north,A,392.1399,10.75,,,,
213.0,42,5000,edge-central,A,384.0433,10.75,,,,
213.0,43,5000,edge-south,A,396.4929,10.75,,,,
213.0,44,5000,edge-west,A,403.1935,10.75,,,,
213.0,45,5000,edge-north,A,406.9994,10.75,,,,
213.0,46,5000,edge-central,A,405.9907,10.75,,,,
213.0,47,5000,edge-south,A,387.7062,10.75,,,,
213.0,48,5000,edge-west,A,385.3615,10.75,,,,
213.0,49,5000,edge-north,A,402.9046,10.75,,,,
213.0,50,5000,edge-central,A,388.5553,10.75,,,,
213.0,51,5000,edge-south,A,379.1457,10.75,,,,
213.0,52,5000,edge-west,A,389.3913,10.75,,,,
213.0,53,5000,edge-north,A,385.0556,10.75,,,,
213.0,54,5000,edge-central,A,404.7919,10.75,,,,
213.0,55,5000,edge-south,A,385.6816,10.75,,,,
213.0,56,5000,edge-west,A,383.0602,10.75,,,,
213.0,57,5000,edge-north,A,401.7572,10.75,,,,
213.0,58,5000,edge-central,A,404.2608,10.75,,,,
213.0,59,5000,edge-south,A,403.0568,10.75,,,,
213.0,60,5000,edge-west,A,395.0727,10.75,,,,
213.0,61,5000,edge-north,A,402.4601,10.75,,,,
213.0,62,5000,edge-central,A,406.7674,10.75,,,,
213.0,63,5000,edge-south,A,387.9773,10.75,,,,
213.0,64,5000,edge-west,A,393.8797,10.75,,,,
213.0,65,5000,edge-north,A,402.5724,10.75,,,,
213.0,66,5000,edge-central,A,392.5768,10.75,,,,
213.0,67,5000,edge-south,A,397.666,10.75,,,,
213.0,68,5000,edge-west,A,393.887,10.75,,,,
213.0,69,5000,edge-north,A,401.1323,10.75,,,,
213.0,70,5000,edge-central,A,393.4942,10.75,,,,
213.0,71,5000,edge-south,A,382.4832,10.75,,,,
213.0,72,5000,edge-west,A,378.0804,10.75,,,,
213.0,73,5000,edge-north,A,403.2463,10.75,,,,
213.0,74,5000,edge-central,A,394.7222,10.75,,,,
213.0,75,5000,edge-south,A,388.5895,10.75,,,,
213.0,76,5000,edge-west,A,379.9088,10.75,,,,
213.0,77,5000,edge-north,A,406.5786,10.75,,,,
213.0,78,5000,edge-central,A,406.567,10.75,,,,
213.0,79,5000,edge-south,A,389.4978,10.75,,,,
213.0,80,5000,edge-west,A,400.3812,10.75,,,,
213.0,81,5000,edge-north,A,382.0964,10.75,,,,
213.0,82,5000,edge-central,A,389.1114,10.75,,,,
213.0,83,5000,edge-south,A,384.8421,10.75,,,,
213.0,84,5000,edge-west,A,380.9063,10.75,,,,
213.0,85,5000,edge-north,A,401.7656,10.75,,,,
213.0,86,5000,edge-central,A,379.405,10.75,,,,
213.0,87,5000,edge-south,A,398.4438,10.75,,,,
213.0,88,5000,edge-west,A,388.9361,10.75,,,,
213.0,89,5000,edge-north,A,398.0404,10.75,,,,
213.0,90,5000,edge-central,A,409.2018,10.75,,,,
213.0,91,5000,edge-south,A,392.4579,10.75,,,,
213.0,92,5000,edge-west,A,400.4774,10.75,,,,
213.0,93,5000,edge-north,A,407.1668,10.75,,,,
213.0,94,5000,edge-central,A,382.7856,10.75,,,,
213.0,95,5000,edge-south,A,403.5938,10.75,,,,
213.0,96,5000,edge-west,A,396.6548,10.75,,,,
213.0,97,5000,edge-north,A,399.713,10.75,,,,
213.0,98,5000,edge-central,A,386.8727,10.75,,,,
213.0,99,5000,edge-south,A,406.0655,10.75,,,,
213.0,100,5000,edge-west,A,402.7932,10.75,,,,
213.0,101,5000,edge-north,A,407.9389,10.75,,,,
213.0,102,5000,edge-central,A,408.417,10.75,,,,
213.0,103,5000,edge-south,A,401.868,10.75,,,,
213.0,104,5000,edge-west,A,380.4089,10.75,,,,
213.0,105,5000,edge-north,A,379.7812,10.75,,,,
213.0,106,5000,edge-central,A,391.1479,10.75,,,,
213.0,107,5000,edge-south,A,408.4712,10.75,,,,
213.0,108,5000,edge-west,A,388.1199,10.75,,,,
213.0,109,5000,edge-north,A,387.1932,10.75,,,,
213.0,110,5000,edge-central,A,386.4152,10.75,,,,
213.0,111,5000,edge-south,A,395.3919,10.75,,,,
213.0,112,5000,edge-west,A,405.2507,10.75,,,,
213.0,113,5000,edge-north,A,404.5027,10.75,,,,
213.0,114,5000,edge-central,A,383.4475,10.75,,,,
213.0,115,5000,edge-south,A,384.3038,10.75,,,,
213.0,116,5000,edge-west,A,407.2836,10.75,,,,
213.0,117,5000,edge-north,A,405.2039,10.75,,,,
213.0,118,5000,edge-central,A,397.2437,10.75,,,,
213.0,119,5000,edge-south,A,408.8529,10.75,,,,
213.0,120,5000,edge-west,A,394.8811,10.75,,,,
213.0,121,5000,edge-north,A,404.8999,10.75,,,,
213.0,122,5000,edge-central,A,383.664,10.75,,,,
213.0,123,5000,edge-south,A,391.7108,10.75,,,,
213.0,124,5000,edge-west,A,377.0783,10.75,,,,
213.0,125,5000,edge-north,A,406.0674,10.75,,,,
213.0,126,5000,edge-central,A,399.2842,10.75,,,,
213.0,127,5000,edge-south,A,395.2086,10.75,,,,
213.0,128,5000,edge-west,A,394.9516,10.75,,,,
213.0,129,5000,edge-north,A,410.3298,10.75,,,,
213.0,130,5000,edge-central,A,408.32,10.75,,,,
213.0,131,5000,edge-south,A,399.5351,10.75,,,,
213.0,132,5000,edge-west,A,394.9829,10.75,,,,
213.0,133,5000,edge-north,A,387.4194,10.75,,,,
213.0,134,5000,edge-central,A,402.6042,10.75,,,,
213.0,135,5000,edge-south,A,400.3309,10.75,,,,
213.0,136,5000,edge-west,A,404.9645,10.75,,,,
213.0,137,5000,edge-north,A,389.1554,10.75,,,,
213.0,138,5000,edge-central,A,396.3128,10.75,,,,
213.0,139,5000,edge-south,A,398.9126,10.75,,,,
213.0,140,5000,edge-west,A,388.6945,10.75,,,,
213.0,141,5000,edge-north,A,386.738,10.75,,,,
213.0,142,5000,edge-central,A,389.367,10.75,,,,
213.0,143,5000,edge-south,A,378.7461,10.75,,,,
213.0,144,5000,edge-west,A,383.4489,10.75,,,,
213.0,145,5000,edge-north,A,389.0081,10.75,,,,
213.0,146,5000,edge-central,A,402.8469,10.75,,,,
213.0,147,5000,edge-south,A,381.747,10.75,,,,
213.0,148,5000,edge-west,A,392.5968,10.75,,,,
213.0,149,5000,edge-north,A,397.3952,10.75,,,,
213.0,150,5000,edge-central,A,399.9265,10.75,,,,
213.0,151,5000,edge-south,A,405.387,10.75,,,,
213.0,152,5000,edge-west,A,395.1098,10.75,,,,
213.0,153,5000,edge-north,A,385.3211,10.75,,,,
213.0,154,5000,edge-central,A,380.7645,10.75,,,,
213.0,155,5000,edge-south,A,405.6337,10.75,,,,
213.0,156,5000,edge-west,A,396.9714,10.75,,,,
213.0,157,5000,edge-north,A,386.6227,10.75,,,,
213.0,158,5000,edge-central,A,391.5151,10.75,,,,
213.0,159,5000,edge-south,A,395.9011,10.75,,,,
213.0,160,5000,edge-west,A,388.3636,10.75,,,,
213.0,161,5000,edge-north,A,387.611,10.75,,,,
213.0,162,5000,edge-central,A,402.9984,10.75,,,,
213.0,163,5000,edge-south,A,409.8599,10.75,,,,
213.0,164,5000,edge-west,A,383.1927,10.75,,,,
213.0,165,5000,edge-north,A,380.0637,10.75,,,,
213.0,166,5000,edge-central,A,388.6214,10.75,,,,
213.0,167,5000,edge-south,A,399.727,10.75,,,,
213.0,168,5000,edge-west,A,396.8633,10.75,,,,
213.0,169,5000,edge-north,A,406.4069,10.75,,,,
213.0,170,5000,edge-central,A,406.4695,10.75,,,,
213.0,171,5000,edge-south,A,397.993,10.75,,,,
213.0,172,5000,edge-west,A,385.7207,10.75,,,,
213.0,173,5000,edge-north,A,388.6357,10.75,,,,
213.0,174,5000,edge-central,A,398.9321,10.75,,,,
213.0,175,5000,edge-south,A,398.8408,10.75,,,,
213.0,176,5000,edge-west,A,384.5151,10.75,,,,
213.0,177,5000,edge-north,A,389.1343,10.75,,,,
213.0,178,5000,edge-central,A,386.5603,10.75,,,,
213.0,179,5000,edge-south,A,389.2868,10.75,,,,
213.0,180,5000,edge-west,A,388.6033,10.75,,,,
213.0,181,5000,edge-north,A,382.443,10.75,,,,
213.0,182,5000,edge-central,A,405.5028,10.75,,,,
213.0,183,5000,edge-south,A,382.2913,10.75,,,,
213.0,184,5000,edge-west,A,394.6588,10.75,,,,
213.0,185,5000,edge-north,A,399.7037,10.75,,,,
213.0,186,5000,edge-central,A,388.281,10.75,,,,
213.0,187,5000,edge-south,A,389.256,10.75,,,,
213.0,188,5000,edge-west,A,405.9936,10.75,,,,
213.0,189,5000,edge-north,A,380.0526,10.75,,,,
213.0,190,5000,edge-central,A,404.8921,10.75,,,,
213.0,191,5000,edge-south,A,382.7522,10.75,,,,
213.0,192,5000,edge-west,A,401.1638,10.75,,,,
213.0,193,5000,edge-north,A,406.3057,10.75,,,,
213.0,194,5000,edge-central,A,402.4519,10.75,,,,
213.0,195,5000,edge-south,A,381.467,10.75,,,,
213.0,196,5000,edge-west,A,403.1687,10.75,,,,
213.0,197,5000,edge-north,A,388.6906,10.75,,,,
213.0,198,5000,edge-central,A,379.5696,10.75,,,,
213.0,199,5000,edge-south,A,395.2802,10.75,,,,
213.0,200,5000,edge-west,A,397.6955,10.75,,,,
213.0,201,5000,edge-north,A,394.9397,10.75,,,,
213.0,202,5000,edge-central,A,402.9834,10.75,,,,
213.0,203,5000,edge-south,A,379.1348,10.75,,,,
213.0,204,5000,edge-west,A,388.7244,10.75,,,,
213.0,205,5000,edge-north,A,405.4715,10.75,,,,
213.0,206,5000,edge-central,A,379.4856,10.75,,,,
213.0,207,5000,edge-south,A,395.3965,10.75,,,,
213.0,208,5000,edge-west,A,389.9859,10.75,,,,
213.0,209,5000,edge-north,A,383.3711,10.75,,,,
213.0,210,5000,edge-central,A,393.6595,10.75,,,,
213.0,211,5000,edge-south,A,407.1707,10.75,,,,
213.0,212,5000,edge-west,A,397.5393,10.75,,,,
213.0,213,5000,edge-north,A,408.3181,10.75,,,,
213.0,214,5000,edge-central,A,380.21,10.75,,,,
213.0,215,5000,edge-south,A,396.9265,10.75,,,,
213.0,216,5000,edge-west,A,407.2042,10.75,,,,
213.0,217,5000,edge-north,A,397.1966,10.75,,,,
213.0,218,5000,edge-central,A,387.2345,10.75,,,,
213.0,219,5000,edge-south,A,392.7871,10.75,,,,
213.0,220,5000,edge-west,A,387.3028,10.75,,,,
213.0,221,5000,edge-north,A,400.9647,10.75,,,,
213.0,222,5000,edge-central,A,383.2023,10.75,,,,
213.0,223,5000,edge-south,A,403.4165,10.75,,,,
213.0,224,5000,edge-west,A,385.401,10.75,,,,
213.0,225,5000,edge-north,A,403.2198,10.75,,,,
213.0,226,5000,edge-central,A,389.983,10.75,,,,
213.0,227,5000,edge-south,A,402.3136,10.75,,,,
213.0,228,5000,edge-west,A,381.5862,10.75,,,,
213.0,229,5000,edge-north,A,398.6435,10.75,,,,
213.0,230,5000,edge-central,A,389.0403,10.75,,,,
213.0,231,5000,edge-south,A,386.3573,10.75,,,,
213.0,232,5000,edge-west,A,386.6897,10.75,,,,
213.0,233,5000,edge-north,A,396.3484,10.75,,,,
213.0,234,5000,edge-central,A,405.9667,10.75,,,,
213.0,235,5000,edge-south,A,383.1133,10.75,,,,
213.0,236,5000,edge-west,A,393.6859,10.75,,,,
213.0,237,5000,edge-north,A,395.9754,10.75,,,,
213.0,238,5000,edge-central,A,394.7557,10.75,,,,
213.0,239,5000,edge-south,A,405.8868,10.75,,,,
213.0,240,5000,edge-west,A,400.5608,10.75,,,,
213.0,241,5000,edge-north,A,387.8416,10.75,,,,
213.0,242,5000,edge-central,A,380.5629,10.75,,,,
213.0,243,5000,edge-south,A,380.4709,10.75,,,,
213.0,244,5000,edge-west,A,399.7978,10.75,,,,
213.0,245,5000,edge-north,A,382.7696,10.75,,,,
213.0,246,5000,edge-central,A,386.9525,10.75,,,,
213.0,247,5000,edge-south,A,386.6257,10.75,,,,
213.0,248,5000,edge-west,A,405.5954,10.75,,,,
213.0,249,5000,edge-north,A,393.4599,10.75,,,,
213.0,250,5000,edge-central,A,381.8562,10.75,,,,
213.0,251,5000,edge-south,A,378.0082,10.75,,,,
213.0,252,5000,edge-west,A,388.4251,10.75,,,,
213.0,253,5000,edge-north,A,399.0602,10.75,,,,
213.0,254,5000,edge-central,A,398.8249,10.75,,,,
213.0,255,5000,edge-south,A,383.7547,10.75,,,,
213.0,256,5000,edge-west,A,385.1244,10.75,,,,
213.0,257,5000,edge-north,A,405.8761,10.75,,,,
213.0,258,5000,edge-central,A,396.6305,10.75,,,,
213.0,259,5000,edge-south,A,386.1552,10.75,,,,
213.0,260,5000,edge-west,A,388.336,10.75,,,,
213.0,261,5000,edge-north,A,399.8197,10.75,,,,
213.0,262,5000,edge-central,A,380.7132,10.75,,,,
213.0,263,5000,edge-south,A,406.2245,10.75,,,,
213.0,264,5000,edge-west,A,396.3738,10.75,,,,
213.0,265,5000,edge-north,A,386.3748,10.75,,,,
213.0,266,5000,edge-central,A,390.0234,10.75,,,,
213.0,267,5000,edge-south,A,389.1913,10.75,,,,
213.0,268,5000,edge-west,A,395.2456,10.75,,,,
213.0,269,5000,edge-north,A,379.3212,10.75,,,,
213.0,270,5000,edge-central,A,381.3522,10.75,,,,
213.0,271,5000,edge-south,A,385.3324,10.75,,,,
213.0,272,5000,edge-west,A,405.7795,10.75,,,,
213.0,273,5000,edge-north,A,389.0689,10.75,,,,
213.0,274,5000,edge-central,A,392.4216,10.75,,,,
213.0,275,5000,edge-south,A,387.7411,10.75,,,,
213.0,276,5000,edge-west,A,406.1006,10.75,,,,
213.0,277,5000,edge-north,A,395.0329,10.75,,,,
213.0,278,5000,edge-central,A,377.374,10.75,,,,
213.0,279,5000,edge-south,A,404.1732,10.75,,,,
213.0,280,5000,edge-west,A,392.7365,10.75,,,,
213.0,281,5000,edge-north,A,400.6931,10.75,,,,
213.0,282,5000,edge-central,A,385.2242,10.75,,,,
213.0,283,5000,edge-south,A,387.2019,10.75,,,,
213.0,284,5000,edge-west,A,382.271,10.75,,,,
213.0,285,5000,edge-north,A,378.698,10.75,,,,
213.0,286,5000,edge-central,A,397.4777,10.75,,,,
213.0,287,5000,edge-south,A,396.11,10.75,,,,
213.0,288,5000,edge-west,A,382.8288,10.75,,,,
213.0,289,5000,edge-north,A,392.244,10.75,,,,
213.0,290,5000,edge-central,A,391.5743,10.75,,,,
213.0,291,5000,edge-south,A,384.5218,10.75,,,,
213.0,292,5000,edge-west,A,406.0388,10.75,,,,
213.0,293,5000,edge-north,A,379.9337,10.75,,,,
213.0,294,5000,edge-central,A,390.4185,10.75,,,,
213.0,295,5000,edge-south,A,400.4219,10.75,,,,
213.0,296,5000,edge-west,A,379.9646,10.75,,,,
213.0,297,5000,edge-north,A,397.483,10.75,,,,
213.0,298,5000,edge-central,A,392.4546,10.75,,,,
213.0,299,5000,edge-south,A,382.155,10.75,,,,
213.0,300,5000,edge-west,A,391.9719,10.75,,,,
213.0,301,5000,edge-north,A,404.3124,10.75,,,,
213.0,302,5000,edge-central,A,393.7123,10.75,,,,
213.0,303,5000,edge-south,A,397.0354,10.75,,,,
213.0,304,5000,edge-west,A,400.3592,10.75,,,,
213.0,305,5000,edge-north,A,394.4737,10.75,,,,
213.0,306,5000,edge-central,A,407.1694,10.75,,,,
213.0,307,5000,edge-south,A,388.796,10.75,,,,
213.0,308,5000,edge-west,A,390.0267,10.75,,,,
213.0,309,5000,edge-north,A,406.6085,10.75,,,,
213.0,310,5000,edge-central,A,405.7958,10.75,,,,
213.0,311,5000,edge-south,A,388.0147,10.75,,,,
213.0,312,5000,edge-west,A,383.8327,10.75,,,,
213.0,313,5000,edge-north,A,404.2945,10.75,,,,
213.0,314,5000,edge-central,A,402.9697,10.75,,,,
213.0,315,5000,edge-south,A,396.5129,10.75,,,,
213.0,316,5000,edge-west,A,402.2685,10.75,,,,
213.0,317,5000,edge-north,A,406.0146,10.75,,,,
213.0,318,5000,edge-central,A,392.3594,10.75,,,,
213.0,319,5000,edge-south,A,379.1236,10.75,,,,
213.0,320,5000,edge-west,A,381.6131,10.75,,,,
213.0,321,5000,edge-north,A,391.4716,10.75,,,,
213.0,322,5000,edge-central,A,383.0802,10.75,,,,
213.0,323,5000,edge-south,A,387.7063,10.75,,,,
213.0,324,5000,edge-west,A,403.8146,10.75,,,,
213.0,325,5000,edge-north,A,393.1807,10.75,,,,
213.0,326,5000,edge-central,A,386.6822,10.75,,,,
213.0,327,5000,edge-south,A,395.4343,10.75,,,,
213.0,328,5000,edge-west,A,392.4988,10.75,,,,
213.0,329,5000,edge-north,A,390.599,10.75,,,,
213.0,330,5000,edge-central,A,405.9798,10.75,,,,
213.0,331,5000,edge-south,A,387.5408,10.75,,,,
213.0,332,5000,edge-west,A,394.3164,10.75,,,,
213.0,333,5000,edge-north,A,381.866,10.75,,,,
213.0,334,5000,edge-central,A,392.914,10.75,,,,
213.0,335,5000,edge-south,A,383.2363,10.75,,,,
213.0,336,5000,edge-west,A,400.4951,10.75,,,,
213.0,337,5000,edge-north,A,390.9541,10.75,,,,
213.0,338,5000,edge-central,A,394.6872,10.75,,,,
213.0,339,5000,edge-south,A,389.6319,10.75,,,,
213.0,340,5000,edge-west,A,382.9264,10.75,,,,
213.0,341,5000,edge-north,A,391.7707,10.75,,,,
213.0,342,5000,edge-central,A,397.7308,10.75,,,,
213.0,343,5000,edge-south,A,397.5284,10.75,,,,
213.0,344,5000,edge-west,A,398.0272,10.75,,,,
213.0,345,5000,edge-north,A,405.3471,10.75,,,,
213.0,346,5000,edge-central,A,383.764,10.75,,,,
213.0,347,5000,edge-south,A,378.9175,10.75,,,,
213.0,348,5000,edge-west,A,392.7329,10.75,,,,
213.0,349,5000,edge-north,A,381.5281,10.75,,,,
213.0,350,5000,edge-central,A,394.5809,10.75,,,,
213.0,351,5000,edge-south,A,397.8444,10.75,,,,
213.0,352,5000,edge-west,A,377.6629,10.75,,,,
213.0,353,5000,edge-north,A,396.9517,10.75,,,,
213.0,354,5000,edge-central,A,381.6983,10.75,,,,
213.0,355,5000,edge-south,A,378.8866,10.75,,,,
213.0,356,5000,edge-west,A,402.4637,10.75,,,,
213.0,357,5000,edge-north,A,403.818,10.75,,,,
213.0,358,5000,edge-central,A,380.5699,10.75,,,,
213.0,359,5000,edge-south,A,399.0841,10.75,,,,
213.0,360,5000,edge-west,A,400.965,10.75,,,,
214.0,15,5000,edge-north,A,382.6238,10.75,,,,
214.0,31,5000,edge-central,A,381.6946,10.75,,,,
214.0,32,5000,edge-south,A,399.8067,10.75,,,,
214.0,33,5000,edge-west,A,387.6853,10.75,,,,
214.0,67,5000,edge-north,A,381.333,10.75,,,,
214.0,68,5000,edge-central,A,405.3545,10.75,,,,
214.0,82,5000,edge-south,A,390.1232,10.75,,,,
214.0,86,5000,edge-west,A,380.0608,10.75,,,,
214.0,118,5000,edge-north,A,392.5461,10.75,,,,
214.0,163,5000,edge-central,A,392.3462,10.75,,,,
214.0,167,5000,edge-south,A,401.9135,10.75,,,,
214.0,170,5000,edge-west,A,378.1794,10.75,,,,
214.0,188,5000,edge-north,A,404.0038,10.75,,,,
214.0,197,5000,edge-central,A,390.3704,10.75,,,,
214.0,205,5000,edge-south,A,384.8623,10.75,,,,
214.0,210,5000,edge-west,A,408.4177,10.75,,,,
214.0,211,5000,edge-north,A,382.8328,10.75,,,,
214.0,212,5000,edge-central,A,387.0178,10.75,,,,
214.0,213,5000,edge-south,A,402.7363,10.75,,,,
214.0,218,5000,edge-west,A,385.3938,10.75,,,,
214.0,229,5000,edge-north,A,402.7863,10.75,,,,
214.0,231,5000,edge-central,A,403.2593,10.75,,,,
214.0,236,5000,edge-south,A,409.1203,10.75,,,,
214.0,237,5000,edge-west,A,391.9432,10.75,,,,
214.0,253,5000,edge-north,A,398.7216,10.75,,,,
214.0,280,5000,edge-central,A,381.3212,10.75,,,,
214.0,297,5000,edge-south,A,398.7454,10.75,,,,
214.0,298,5000,edge-west,A,381.6608,10.75,,,,
214.0,305,5000,edge-north,A,386.8744,10.75,,,,
214.0,312,5000,edge-central,A,392.6849,10.75,,,,
214.0,323,5000,edge-south,A,402.2047,10.75,,,,
214.0,325,5000,edge-west,A,384.7552,10.75,,,,
214.0,341,5000,edge-north,A,399.9801,10.75,,,,
214.0,354,5000,edge-central,A,387.3009,10.75,,,,
215.0,133,5000,edge-south,A,377.7871,10.75,,,,
215.0,330,5000,edge-west,A,385.2408,10.75,,,,
217.0,1,5000,edge-north,A,393.8563,10.75,,,,
217.0,2,5000,edge-central,A,389.8766,10.75,,,,
217.0,3,5000,edge-south,A,384.6971,10.75,,,,
217.0,4,5000,edge-west,A,398.5052,10.75,,,,
217.0,5,5000,edge-north,A,388.4116,10.75,,,,
217.0,6,5000,edge-central,A,391.3205,10.75,,,,
217.0,7,5000,edge-south,A,392.3528,10.75,,,,
217.0,8,5000,edge-west,A,377.3077,10.75,,,,
217.0,9,5000,edge-north,A,398.668,10.75,,,,
217.0,10,5000,edge-central,A,402.6,10.75,,,,
217.0,11,5000,edge-south,A,405.8643,10.75,,,,
217.0,12,5000,edge-west,A,386.6303,10.75,,,,
217.0,13,5000,edge-north,A,383.4696,10.75,,,,
217.0,14,5000,edge-central,A,396.3003,10.75,,,,
217.0,16,5000,edge-south,A,386.1965,10.75,,,,
217.0,17,5000,edge-west,A,390.9584,10.75,,,,
217.0,18,5000,edge-north,A,390.2304,10.75,,,,
217.0,21,5000,edge-central,A,392.2261,10.75,,,,
217.0,22,5000,edge-south,A,377.2489,10.75,,,,
217.0,23,5000,edge-west,A,394.8146,10.75,,,,
217.0,24,5000,edge-north,A,380.4771,10.75,,,,
217.0,25,5000,edge-central,A,389.6628,10.75,,,,
217.0,28,5000,edge-south,A,381.5757,10.75,,,,
217.0,29,5000,edge-west,A,380.4731,10.75,,,,
217.0,30,5000,edge-north,A,408.9702,10.75,,,,
217.0,32,5000,edge-central,A,391.2083,10.75,,,,
217.0,33,5000,edge-south,A,401.1587,10.75,,,,
217.0,34,5000,edge-west,A,404.0089,10.75,,,,
217.0,35,5000,edge-north,A,383.2647,10.75,,,,
217.0,36,5000,edge-central,A,406.1935,10.75,,,,
217.0,37,5000,edge-south,A,391.8484,10.75,,,,
217.0,42,5000,edge-west,A,396.1051,10.75,,,,
217.0,48,5000,edge-north,A,402.8108,10.75,,,,
217.0,49,5000,edge-central,A,409.1075,10.75,,,,
217.0,50,5000,edge-south,A,397.9405,10.75,,,,
217.0,54,5000,edge-west,A,393.6516,10.75,,,,
217.0,58,5000,edge-north,A,407.8383,10.75,,,,
217.0,59,5000,edge-central,A,389.1768,10.75,,,,
217.0,60,5000,edge-south,A,390.9549,10.75,,,,
217.0,61,5000,edge-west,A,393.8576,10.75,,,,
217.0,65,5000,edge-north,A,407.1584,10.75,,,,
217.0,66,5000,edge-central,A,377.9354,10.75,,,,
217.0,67,5000,edge-south,A,401.3654,10.75,,,,
217.0,68,5000,edge-west,A,405.0369,10.75,,,,
217.0,69,5000,edge-north,A,386.4526,10.75,,,,
217.0,70,5000,edge-central,A,399.5305,10.75,,,,
217.0,73,5000,edge-south,A,392.1713,10.75,,,,
217.0,75,5000,edge-west,A,392.0627,10.75,,,,
217.0,76,5000,edge-north,A,389.8303,10.75,,,,
217.0,77,5000,edge-central,A,407.1494,10.75,,,,
217.0,78,5000,edge-south,A,384.4133,10.75,,,,
217.0,79,5000,edge-west,A,404.2124,10.75,,,,
217.0,82,5000,edge-north,A,398.2972,10.75,,,,
217.0,84,5000,edge-central,A,402.7515,10.75,,,,
217.0,85,5000,edge-south,A,382.2068,10.75,,,,
217.0,86,5000,edge-west,A,383.3913,10.75,,,,
217.0,87,5000,edge-north,A,396.1756,10.75,,,,
217.0,88,5000,edge-central,A,380.2505,10.75,,,,
217.0,89,5000,edge-south,A,392.4516,10.75,,,,
217.0,90,5000,edge-west,A,380.8639,10.75,,,,
217.0,91,5000,edge-north,A,390.3295,10.75,,,,
217.0,93,5000,edge-central,A,382.3424,10.75,,,,
217.0,96,5000,edge-south,A,383.5393,10.75,,,,
217.0,101,5000,edge-west,A,384.6144,10.75,,,,
217.0,103,5000,edge-north,A,395.0816,10.75,,,,
217.0,106,5000,edge-central,A,386.5234,10.75,,,,
217.0,107,5000,edge-south,A,398.9077,10.75,,,,
217.0,108,5000,edge-west,A,383.1327,10.75,,,,
217.0,109,5000,edge-north,A,388.9261,10.75,,,,
217.0,112,5000,edge-central,A,379.2405,10.75,,,,
217.0,113,5000,edge-south,A,403.959,10.75,,,,
217.0,114,5000,edge-west,A,386.8313,10.75,,,,
217.0,115,5000,edge-north,A,395.6236,10.75,,,,
217.0,118,5000,edge-central,A,388.1819,10.75,,,,
217.0,119,5000,edge-south,A,385.0395,10.75,,,,
217.0,121,5000,edge-west,A,389.5746,10.75,,,,
217.0,125,5000,edge-north,A,399.1509,10.75,,,,
217.0,126,5000,edge-central,A,387.4022,10.75,,,,
217.0,127,5000,edge-south,A,382.5267,10.75,,,,
217.0,128,5000,edge-west,A,382.9483,10.75,,,,
217.0,130,5000,edge-north,A,392.3284,10.75,,,,
217.0,131,5000,edge-central,A,389.006,10.75,,,,
217.0,132,5000,edge-south,A,395.2746,10.75,,,,
217.0,135,5000,edge-west,A,391.944,10.75,,,,
217.0,136,5000,edge-north,A,402.4936,10.75,,,,
217.0,137,5000,edge-central,A,384.4127,10.75,,,,
217.0,142,5000,edge-south,A,393.3507,10.75,,,,
217.0,143,5000,edge-west,A,384.0231,10.75,,,,
217.0,144,5000,edge-north,A,395.6643,10.75,,,,
217.0,145,5000,edge-central,A,404.433,10.75,,,,
217.0,146,5000,edge-south,A,379.0646,10.75,,,,
217.0,147,5000,edge-west,A,398.4274,10.75,,,,
217.0,149,5000,edge-north,A,383.7077,10.75,,,,
217.0,150,5000,edge-central,A,388.1491,10.75,,,,
217.0,151,5000,edge-south,A,388.7575,10.75,,,,
217.0,152,5000,edge-west,A,385.4405,10.75,,,,
217.0,154,5000,edge-north,A,401.5025,10.75,,,,
217.0,157,5000,edge-central,A,390.2094,10.75,,,,
217.0,159,5000,edge-south,A,402.8281,10.75,,,,
217.0,161,5000,edge-west,A,400.4582,10.75,,,,
217.0,164,5000,edge-north,A,389.5462,10.75,,,,
217.0,165,5000,edge-central,A,392.8942,10.75,,,,
217.0,167,5000,edge-south,A,391.3301,10.75,,,,
217.0,169,5000,edge-west,A,397.1939,10.75,,,,
217.0,172,5000,edge-north,A,378.8098,10.75,,,,
217.0,173,5000,edge-central,A,396.4353,10.75,,,,
217.0,174,5000,edge-south,A,403.4509,10.75,,,,
217.0,177,5000,edge-west,A,380.2505,10.75,,,,
217.0,179,5000,edge-north,A,394.7807,10.75,,,,
217.0,182,5000,edge-central,A,407.5042,10.75,,,,
217.0,184,5000,edge-south,A,382.1298,10.75,,,,
217.0,188,5000,edge-west,A,388.6554,10.75,,,,
217.0,191,5000,edge-north,A,397.0638,10.75,,,,
217.0,192,5000,edge-central,A,395.2568,10.75,,,,
217.0,203,5000,edge-south,A,396.6332,10.75,,,,
217.0,204,5000,edge-west,A,395.3285,10.75,,,,
217.0,208,5000,edge-north,A,396.6723,10.75,,,,
217.0,213,5000,edge-central,A,398.7069,10.75,,,,
217.0,217,5000,edge-south,A,387.2093,10.75,,,,
217.0,218,5000,edge-west,A,391.0927,10.75,,,,
217.0,219,5000,edge-north,A,391.2393,10.75,,,,
217.0,220,5000,edge-central,A,393.2085,10.75,,,,
217.0,222,5000,edge-south,A,380.1359,10.75,,,,
217.0,223,5000,edge-west,A,388.8389,10.75,,,,
217.0,226,5000,edge-north,A,403.5094,10.75,,,,
217.0,229,5000,edge-central,A,380.2491,10.75,,,,
217.0,233,5000,edge-south,A,384.6297,10.75,,,,
217.0,234,5000,edge-west,A,409.4454,10.75,,,,
217.0,235,5000,edge-north,A,390.7232,10.75,,,,
217.0,237,5000,edge-central,A,385.6089,10.75,,,,
217.0,238,5000,edge-south,A,378.5213,10.75,,,,
217.0,241,5000,edge-west,A,381.4872,10.75,,,,
217.0,245,5000,edge-north,A,379.7129,10.75,,,,
217.0,246,5000,edge-central,A,385.1201,10.75,,,,
217.0,251,5000,edge-south,A,397.6818,10.75,,,,
217.0,252,5000,edge-west,A,382.1825,10.75,,,,
217.0,253,5000,edge-north,A,381.9672,10.75,,,,
217.0,254,5000,edge-central,A,393.1226,10.75,,,,
217.0,257,5000,edge-south,A,383.6414,10.75,,,,
217.0,258,5000,edge-west,A,378.8207,10.75,,,,
217.0,259,5000,edge-north,A,389.3418,10.75,,,,
217.0,260,5000,edge-central,A,381.1323,10.75,,,,
217.0,264,5000,edge-south,A,382.32,10.75,,,,
217.0,265,5000,edge-west,A,401.9694,10.75,,,,
217.0,266,5000,edge-north,A,409.8563,10.75,,,,
217.0,267,5000,edge-central,A,396.1103,10.75,,,,
217.0,268,5000,edge-south,A,379.7891,10.75,,,,
217.0,269,5000,edge-west,A,388.471,10.75,,,,
217.0,273,5000,edge-north,A,392.1903,10.75,,,,
217.0,275,5000,edge-central,A,403.3852,10.75,,,,
217.0,276,5000,edge-south,A,405.3691,10.75,,,,
217.0,279,5000,edge-west,A,406.8468,10.75,,,,
217.0,280,5000,edge-north,A,387.6059,10.75,,,,
217.0,281,5000,edge-central,A,379.989,10.75,,,,
217.0,282,5000,edge-south,A,402.9886,10.75,,,,
217.0,283,5000,edge-west,A,388.9493,10.75,,,,
217.0,285,5000,edge-north,A,396.9519,10.75,,,,
217.0,286,5000,edge-central,A,388.2653,10.75,,,,
217.0,287,5000,edge-south,A,408.3371,10.75,,,,
217.0,288,5000,edge-west,A,386.492,10.75,,,,
217.0,289,5000,edge-north,A,395.4535,10.75,,,,
217.0,290,5000,edge-central,A,402.5495,10.75,,,,
217.0,291,5000,edge-south,A,399.7136,10.75,,,,
217.0,292,5000,edge-west,A,383.7075,10.75,,,,
217.0,293,5000,edge-north,A,392.4652,10.75,,,,
217.0,294,5000,edge-central,A,407.2471,10.75,,,,
217.0,295,5000,edge-south,A,401.3351,10.75,,,,
217.0,296,5000,edge-west,A,391.621,10.75,,,,
217.0,297,5000,edge-north,A,404.7688,10.75,,,,
217.0,298,5000,edge-central,A,400.2265,10.75,,,,
217.0,299,5000,edge-south,A,403.8524,10.75,,,,
217.0,300,5000,edge-west,A,389.9846,10.75,,,,
217.0,301,5000,edge-north,A,407.3327,10.75,,,,
217.0,302,5000,edge-central,A,382.2403,10.75,,,,
217.0,303,5000,edge-south,A,385.1472,10.75,,,,
217.0,304,5000,edge-west,A,398.4501,10.75,,,,
217.0,305,5000,edge-north,A,398.6652,10.75,,,,
217.0,306,5000,edge-central,A,407.4549,10.75,,,,
217.0,307,5000,edge-south,A,407.3651,10.75,,,,
217.0,308,5000,edge-west,A,403.5572,10.75,,,,
217.0,309,5000,edge-north,A,402.0392,10.75,,,,
217.0,310,5000,edge-central,A,386.8597,10.75,,,,
217.0,311,5000,edge-south,A,394.8868,10.75,,,,
217.0,312,5000,edge-west,A,387.4663,10.75,,,,
217.0,313,5000,edge-north,A,408.3346,10.75,,,,
217.0,314,5000,edge-central,A,386.0153,10.75,,,,
217.0,315,5000,edge-south,A,391.0426,10.75,,,,
217.0,316,5000,edge-west,A,398.7488,10.75,,,,
217.0,317,5000,edge-north,A,384.4016,10.75,,,,
217.0,318,5000,edge-central,A,385.9843,10.75,,,,
217.0,319,5000,edge-south,A,406.9728,10.75,,,,
217.0,320,5000,edge-west,A,398.517,10.75,,,,
217.0,321,5000,edge-north,A,407.029,10.75,,,,
217.0,322,5000,edge-central,A,383.3646,10.75,,,,
217.0,323,5000,edge-south,A,392.0292,10.75,,,,
217.0,324,5000,edge-west,A,401.051,10.75,,,,
217.0,330,5000,edge-north,A,387.9434,10.75,,,,
217.0,331,5000,edge-central,A,393.9861,10.75,,,,
217.0,332,5000,edge-south,A,402.3092,10.75,,,,
217.0,335,5000,edge-west,A,402.7188,10.75,,,,
217.0,336,5000,edge-north,A,409.4236,10.75,,,,
217.0,337,5000,edge-central,A,387.8377,10.75,,,,
217.0,340,5000,edge-south,A,401.0886,10.75,,,,
217.0,341,5000,edge-west,A,402.8437,10.75,,,,
217.0,342,5000,edge-north,A,395.0372,10.75,,,,
217.0,343,5000,edge-central,A,402.6968,10.75,,,,
217.0,344,5000,edge-south,A,401.3763,10.75,,,,
217.0,346,5000,edge-west,A,399.6562,10.75,,,,
217.0,347,5000,edge-north,A,396.2489,10.75,,,,
217.0,348,5000,edge-central,A,405.6789,10.75,,,,
217.0,352,5000,edge-south,A,390.248,10.75,,,,
217.0,353,5000,edge-west,A,389.1931,10.75,,,,
217.0,354,5000,edge-north,A,377.5169,10.75,,,,
217.0,355,5000,edge-central,A,404.4987,10.75,,,,
217.0,356,5000,edge-south,A,390.3979,10.75,,,,
217.0,357,5000,edge-west,A,402.1364,10.75,,,,
217.0,358,5000,edge-north,A,380.8604,10.75,,,,
217.0,359,5000,edge-central,A,384.6263,10.75,,,,
217.0,360,5000,edge-south,A,394.7622,10.75,,,,
219.0,13,5000,edge-west,A,393.9776,10.75,,,,
219.0,15,5000,edge-north,A,386.6401,10.75,,,,
219.0,19,5000,edge-central,A,402.4554,10.75,,,,
219.0,43,5000,edge-south,A,380.7539,10.75,,,,
219.0,46,5000,edge-west,A,400.3412,10.75,,,,
219.0,76,5000,edge-north,A,407.1879,10.75,,,,
219.0,98,5000,edge-central,A,388.517,10.75,,,,
219.0,108,5000,edge-south,A,397.3514,10.75,,,,
219.0,122,5000,edge-west,A,401.9951,10.75,,,,
219.0,124,5000,edge-north,A,386.8321,10.75,,,,
219.0,182,5000,edge-central,A,385.492,10.75,,,,
219.0,256,5000,edge-south,A,393.777,10.75,,,,
219.0,269,5000,edge-west,A,402.8608,10.75,,,,
219.0,291,5000,edge-north,A,387.2197,10.75,,,,
219.0,295,5000,edge-central,A,404.7833,10.75,,,,
219.0,322,5000,edge-south,A,378.3036,10.75,,,,
219.0,324,5000,edge-west,A,383.0596,10.75,,,,
219.0,347,5000,edge-north,A,388.1499,10.75,,,,
221.0,34,5000,edge-central,A,397.8102,10.75,,,,
221.0,214,5000,edge-south,A,400.0258,10.75,,,,
222.0,245,5000,edge-west,A,382.4336,10.75,,,,
223.0,3,5000,edge-north,A,380.3594,10.75,,,,
223.0,6,5000,edge-central,A,399.7721,10.75,,,,
223.0,18,5000,edge-south,A,398.9878,10.75,,,,
223.0,23,5000,edge-west,A,388.1164,10.75,,,,
223.0,25,5000,edge-north,A,399.8396,10.75,,,,
223.0,26,5000,edge-central,A,381.1142,10.75,,,,
223.0,27,5000,edge-south,A,393.7329,10.75,,,,
223.0,28,5000,edge-west,A,397.1838,10.75,,,,
223.0,29,5000,edge-north,A,392.4821,10.75,,,,
223.0,30,5000,edge-central,A,406.8537,10.75,,,,
223.0,54,5000,edge-south,A,390.2373,10.75,,,,
223.0,55,5000,edge-west,A,402.909,10.75,,,,
223.0,63,5000,edge-north,A,406.0421,10.75,,,,
223.0,112,5000,edge-central,A,407.2272,10.75,,,,
223.0,123,5000,edge-south,A,407.3123,10.75,,,,
223.0,124,5000,edge-west,A,399.9251,10.75,,,,
223.0,129,5000,edge-north,A,377.8098,10.75,,,,
223.0,130,5000,edge-central,A,381.4688,10.75,,,,
223.0,131,5000,edge-south,A,380.9904,10.75,,,,
223.0,132,5000,edge-west,A,394.537,10.75,,,,
223.0,133,5000,edge-north,A,402.8223,10.75,,,,
223.0,134,5000,edge-central,A,388.2456,10.75,,,,
223.0,135,5000,edge-south,A,381.4689,10.75,,,,
223.0,136,5000,edge-west,A,401.8859,10.75,,,,
223.0,138,5000,edge-north,A,407.2041,10.75,,,,
223.0,139,5000,edge-central,A,385.2586,10.75,,,,
223.0,141,5000,edge-south,A,407.1772,10.75,,,,
223.0,142,5000,edge-west,A,402.7482,10.75,,,,
223.0,143,5000,edge-north,A,403.376,10.75,,,,
223.0,146,5000,edge-central,A,385.1009,10.75,,,,
223.0,152,5000,edge-south,A,395.181,10.75,,,,
223.0,153,5000,edge-west,A,382.6024,10.75,,,,
223.0,154,5000,edge-north,A,383.8214,10.75,,,,
223.0,155,5000,edge-central,A,409.4344,10.75,,,,
223.0,156,5000,edge-south,A,384.7668,10.75,,,,
223.0,157,5000,edge-west,A,406.4864,10.75,,,,
223.0,159,5000,edge-north,A,404.4583,10.75,,,,
223.0,160,5000,edge-central,A,398.5412,10.75,,,,
223.0,161,5000,edge-south,A,393.305,10.75,,,,
223.0,165,5000,edge-west,A,386.508,10.75,,,,
223.0,166,5000,edge-north,A,403.2113,10.75,,,,
223.0,168,5000,edge-central,A,384.9505,10.75,,,,
223.0,173,5000,edge-south,A,392.649,10.75,,,,
223.0,175,5000,edge-west,A,403.6577,10.75,,,,
223.0,176,5000,edge-north,A,381.8087,10.75,,,,
223.0,178,5000,edge-central,A,391.3285,10.75,,,,
223.0,183,5000,edge-south,A,396.5481,10.75,,,,
223.0,184,5000,edge-west,A,402.4765,10.75,,,,
223.0,189,5000,edge-north,A,382.1798,10.75,,,,
223.0,190,5000,edge-central,A,386.0955,10.75,,,,
223.0,192,5000,edge-south,A,393.8025,10.75,,,,
223.0,194,5000,edge-west,A,409.9736,10.75,,,,
223.0,198,5000,edge-north,A,400.1905,10.75,,,,
223.0,201,5000,edge-central,A,403.1359,10.75,,,,
223.0,204,5000,edge-south,A,407.9661,10.75,,,,
223.0,205,5000,edge-west,A,408.2011,10.75,,,,
223.0,206,5000,edge-north,A,382.7778,10.75,,,,
223.0,207,5000,edge-central,A,381.5411,10.75,,,,
223.0,208,5000,edge-south,A,399.578,10.75,,,,
223.0,212,5000,edge-west,A,392.4312,10.75,,,,
223.0,217,5000,edge-north,A,392.5782,10.75,,,,
223.0,221,5000,edge-central,A,384.1372,10.75,,,,
223.0,223,5000,edge-south,A,398.2733,10.75,,,,
223.0,228,5000,edge-west,A,381.8741,10.75,,,,
223.0,232,5000,edge-north,A,387.5292,10.75,,,,
223.0,241,5000,edge-central,A,391.0457,10.75,,,,
223.0,244,5000,edge-south,A,384.0924,10.75,,,,
223.0,246,5000,edge-west,A,409.457,10.75,,,,
223.0,248,5000,edge-north,A,388.0669,10.75,,,,
223.0,251,5000,edge-central,A,402.384,10.75,,,,
223.0,255,5000,edge-south,A,391.4145,10.75,,,,
223.0,257,5000,edge-west,A,397.5508,10.75,,,,
223.0,291,5000,edge-north,A,378.4272,10.75,,,,
223.0,293,5000,edge-central,A,381.0383,10.75,,,,
223.0,295,5000,edge-south,A,393.999,10.75,,,,
223.0,296,5000,edge-west,A,408.416,10.75,,,,
223.0,300,5000,edge-north,A,402.9201,10.75,,,,
223.0,301,5000,edge-central,A,382.8405,10.75,,,,
223.0,302,5000,edge-south,A,406.6993,10.75,,,,
223.0,304,5000,edge-west,A,395.2052,10.75,,,,
223.0,305,5000,edge-north,A,386.9738,10.75,,,,
223.0,307,5000,edge-central,A,400.1937,10.75,,,,
223.0,308,5000,edge-south,A,380.1721,10.75,,,,
223.0,311,5000,edge-west,A,388.6476,10.75,,,,
223.0,312,5000,edge-north,A,398.8839,10.75,,,,
223.0,313,5000,edge-central,A,378.433,10.75,,,,
223.0,314,5000,edge-south,A,405.8085,10.75,,,,
223.0,315,5000,edge-west,A,403.0087,10.75,,,,
223.0,317,5000,edge-north,A,381.4133,10.75,,,,
223.0,318,5000,edge-central,A,404.4196,10.75,,,,
223.0,319,5000,edge-south,A,400.5443,10.75,,,,
223.0,321,5000,edge-west,A,385.5124,10.75,,,,
223.0,325,5000,edge-north,A,404.014,10.75,,,,
223.0,327,5000,edge-central,A,380.0514,10.75,,,,
223.0,336,5000,edge-south,A,403.6169,10.75,,,,
223.0,343,5000,edge-west,A,386.0671,10.75,,,,
223.0,345,5000,edge-north,A,396.9552,10.75,,,,
223.0,347,5000,edge-central,A,400.9471,10.75,,,,
223.0,353,5000,edge-south,A,396.3738,10.75,,,,
223.0,354,5000,edge-west,A,382.4169,10.75,,,,
223.0,357,5000,edge-north,A,379.3947,10.75,,,,
223.0,358,5000,edge-central,A,384.4894,10.75,,,,
223.0,360,5000,edge-south,A,403.4992,10.75,,,,
228.0,5,5000,edge-west,A,382.181,10.75,,,,
228.0,20,5000,edge-north,A,380.8427,10.75,,,,
228.0,32,5000,edge-central,A,388.5117,10.75,,,,
228.0,35,5000,edge-south,A,389.364,10.75,,,,
228.0,78,5000,edge-west,A,381.3766,10.75,,,,
228.0,81,5000,edge-north,A,398.1048,10.75,,,,
228.0,84,5000,edge-central,A,396.6365,10.75,,,,
228.0,102,5000,edge-south,A,377.7721,10.75,,,,
228.0,140,5000,edge-west,A,399.7828,10.75,,,,
228.0,141,5000,edge-north,A,378.2336,10.75,,,,
228.0,154,5000,edge-central,A,395.2163,10.75,,,,
228.0,156,5000,edge-south,A,386.6132,10.75,,,,
228.0,158,5000,edge-west,A,379.3224,10.75,,,,
228.0,249,5000,edge-north,A,382.1258,10.75,,,,
228.0,252,5000,edge-central,A,393.0218,10.75,,,,
228.0,284,5000,edge-south,A,393.9168,10.75,,,,
228.0,294,5000,edge-west,A,406.7276,10.75,,,,
228.0,307,5000,edge-north,A,399.1579,10.75,,,,
230.0,353,5000,edge-central,A,379.5572,10.75,,,,
230.0,355,5000,edge-south,A,410.3335,10.75,,,,
231.0,191,5000,edge-west,A,404.0623,10.75,,,,
233.0,0,5000,edge-north,A,392.7841,10.75,,,,
233.0,1,5000,edge-central,A,389.957,10.75,,,,
233.0,2,5000,edge-south,A,386.4594,10.75,,,,
233.0,3,5000,edge-west,A,388.5491,10.75,,,,
233.0,4,5000,edge-north,A,398.5863,10.75,,,,
233.0,5,5000,edge-central,A,381.5088,10.75,,,,
233.0,6,5000,edge-south,A,393.0289,10.75,,,,
233.0,7,5000,edge-west,A,389.9025,10.75,,,,
233.0,8,5000,edge-north,A,405.7638,10.75,,,,
233.0,9,5000,edge-central,A,396.6499,10.75,,,,
233.0,10,5000,edge-south,A,406.5759,10.75,,,,
233.0,11,5000,edge-west,A,408.5164,10.75,,,,
233.0,12,5000,edge-north,A,390.2237,10.75,,,,
233.0,13,5000,edge-central,A,389.8024,10.75,,,,
233.0,14,5000,edge-south,A,385.6307,10.75,,,,
233.0,15,5000,edge-west,A,394.8066,10.75,,,,
233.0,16,5000,edge-north,A,391.1312,10.75,,,,
233.0,17,5000,edge-central,A,406.98,10.75,,,,
233.0,18,5000,edge-south,A,397.9735,10.75,,,,
233.0,19,5000,edge-west,A,392.587,10.75,,,,
233.0,20,5000,edge-north,A,382.8884,10.75,,,,
233.0,21,5000,edge-central,A,396.5215,10.75,,,,
233.0,22,5000,edge-south,A,392.2154,10.75,,,,
233.0,23,5000,edge-west,A,405.5836,10.75,,,,
233.0,24,5000,edge-north,A,395.119,10.75,,,,
233.0,25,5000,edge-central,A,403.9174,10.75,,,,
233.0,26,5000,edge-south,A,404.2417,10.75,,,,
233.0,27,5000,edge-west,A,404.447,10.75,,,,
233.0,28,5000,edge-north,A,387.7285,10.75,,,,
233.0,29,5000,edge-central,A,387.9561,10.75,,,,
233.0,30,5000,edge-south,A,407.8458,10.75,,,,
233.0,31,5000,edge-west,A,395.5788,10.75,,,,
233.0,32,5000,edge-north,A,404.274,10.75,,,,
233.0,33,5000,edge-central,A,398.9277,10.75,,,,
233.0,34,5000,edge-south,A,380.9217,10.75,,,,
233.0,35,5000,edge-west,A,399.2734,10.75,,,,
233.0,36,5000,edge-north,A,397.0807,10.75,,,,
233.0,37,5000,edge-central,A,396.4812,10.75,,,,
233.0,38,5000,edge-south,A,395.0711,10.75,,,,
233.0,39,5000,edge-west,A,395.9772,10.75,,,,
233.0,40,5000,edge-north,A,393.6177,10.75,,,,
233.0,41,5000,edge-central,A,391.4364,10.75,,,,
233.0,42,5000,edge-south,A,408.419,10.75,,,,
233.0,43,5000,edge-west,A,405.572,10.75,,,,
233.0,45,5000,edge-north,A,391.0756,10.75,,,,
233.0,46,5000,edge-central,A,400.7701,10.75,,,,
233.0,47,5000,edge-south,A,389.8908,10.75,,,,
233.0,48,5000,edge-west,A,383.1347,10.75,,,,
233.0,49,5000,edge-north,A,393.9962,10.75,,,,
233.0,50,5000,edge-central,A,405.4808,10.75,,,,
233.0,51,5000,edge-south,A,400.0556,10.75,,,,
233.0,52,5000,edge-west,A,401.4918,10.75,,,,
233.0,53,5000,edge-north,A,403.1688,10.75,,,,
233.0,54,5000,edge-central,A,385.7511,10.75,,,,
233.0,55,5000,edge-south,A,401.1599,10.75,,,,
233.0,56,5000,edge-west,A,391.441,10.75,,,,
233.0,57,5000,edge-north,A,396.5414,10.75,,,,
233.0,58,5000,edge-central,A,383.683,10.75,,,,
233.0,59,5000,edge-south,A,388.9139,10.75,,,,
233.0,60,5000,edge-west,A,381.7375,10.75,,,,
233.0,61,5000,edge-north,A,409.251,10.75,,,,
233.0,62,5000,edge-central,A,381.3887,10.75,,,,
233.0,63,5000,edge-south,A,406.7801,10.75,,,,
233.0,64,5000,edge-west,A,402.8929,10.75,,,,
233.0,65,5000,edge-north,A,395.8418,10.75,,,,
233.0,66,5000,edge-central,A,384.077,10.75,,,,
233.0,67,5000,edge-south,A,384.8319,10.75,,,,
233.0,68,5000,edge-west,A,405.8816,10.75,,,,
233.0,69,5000,edge-north,A,396.4207,10.75,,,,
233.0,70,5000,edge-central,A,391.4914,10.75,,,,
233.0,71,5000,edge-south,A,406.2083,10.75,,,,
233.0,72,5000,edge-west,A,403.9828,10.75,,,,
233.0,73,5000,edge-north,A,380.5908,10.75,,,,
233.0,74,5000,edge-central,A,398.2987,10.75,,,,
233.0,75,5000,edge-south,A,382.7566,10.75,,,,
233.0,76,5000,edge-west,A,390.5875,10.75,,,,
233.0,77,5000,edge-north,A,398.6068,10.75,,,,
233.0,78,5000,edge-central,A,400.0441,10.75,,,,
233.0,79,5000,edge-south,A,381.523,10.75,,,,
233.0,80,5000,edge-west,A,401.7791,10.75,,,,
233.0,81,5000,edge-north,A,384.9731,10.75,,,,
233.0,82,5000,edge-central,A,398.7121,10.75,,,,
233.0,83,5000,edge-south,A,406.5731,10.75,,,,
233.0,84,5000,edge-west,A,408.0575,10.75,,,,
233.0,85,5000,edge-north,A,387.2874,10.75,,,,
233.0,86,5000,edge-central,A,393.8394,10.75,,,,
233.0,87,5000,edge-south,A,385.7759,10.75,,,,
233.0,88,5000,edge-west,A,403.4014,10.75,,,,
233.0,89,5000,edge-north,A,387.7513,10.75,,,,
233.0,90,5000,edge-central,A,400.6644,10.75,,,,
233.0,91,5000,edge-south,A,401.7146,10.75,,,,
233.0,92,5000,edge-west,A,378.9248,10.75,,,,
233.0,93,5000,edge-north,A,403.4345,10.75,,,,
233.0,94,5000,edge-central,A,404.9766,10.75,,,,
233.0,95,5000,edge-south,A,397.3497,10.75,,,,
233.0,96,5000,edge-west,A,380.8718,10.75,,,,
233.0,97,5000,edge-north,A,406.6251,10.75,,,,
233.0,98,5000,edge-central,A,382.9912,10.75,,,,
233.0,99,5000,edge-south,A,384.7782,10.75,,,,
233.0,100,5000,edge-west,A,406.2472,10.75,,,,
233.0,101,5000,edge-north,A,391.4262,10.75,,,,
233.0,102,5000,edge-central,A,390.3677,10.75,,,,
233.0,103,5000,edge-south,A,396.3946,10.75,,,,
233.0,104,5000,edge-west,A,381.48,10.75,,,,
233.0,105,5000,edge-north,A,403.3599,10.75,,,,
233.0,106,5000,edge-central,A,396.2123,10.75,,,,
233.0,107,5000,edge-south,A,380.9585,10.75,,,,
233.0,108,5000,edge-west,A,404.7183,10.75,,,,
233.0,109,5000,edge-north,A,388.4492,10.75,,,,
233.0,110,5000,edge-central,A,390.804,10.75,,,,
233.0,111,5000,edge-south,A,382.4406,10.75,,,,
233.0,112,5000,edge-west,A,409.1221,10.75,,,,
233.0,113,5000,edge-north,A,401.6226,10.75,,,,
233.0,114,5000,edge-central,A,386.4613,10.75,,,,
233.0,115,5000,edge-south,A,405.8258,10.75,,,,
233.0,116,5000,edge-west,A,395.0657,10.75,,,,
233.0,117,5000,edge-north,A,387.6221,10.75,,,,
233.0,118,5000,edge-central,A,394.6361,10.75,,,,
233.0,119,5000,edge-south,A,395.6373,10.75,,,,
233.0,120,5000,edge-west,A,389.3185,10.75,,,,
233.0,121,5000,edge-north,A,384.7666,10.75,,,,
233.0,122,5000,edge-central,A,384.9217,10.75,,,,
233.0,123,5000,edge-south,A,384.3864,10.75,,,,
233.0,124,5000,edge-west,A,385.505,10.75,,,,
233.0,125,5000,edge-north,A,380.2535,10.75,,,,
233.0,126,5000,edge-central,A,406.5165,10.75,,,,
233.0,127,5000,edge-south,A,391.9881,10.75,,,,
233.0,128,5000,edge-west,A,382.6981,10.75,,,,
233.0,129,5000,edge-north,A,387.5954,10.75,,,,
233.0,130,5000,edge-central,A,401.1929,10.75,,,,
233.0,131,5000,edge-south,A,403.0067,10.75,,,,
233.0,132,5000,edge-west,A,393.247,10.75,,,,
233.0,133,5000,edge-north,A,380.7063,10.75,,,,
233.0,134,5000,edge-central,A,403.6491,10.75,,,,
233.0,135,5000,edge-south,A,390.172,10.75,,,,
233.0,136,5000,edge-west,A,382.8389,10.75,,,,
233.0,137,5000,edge-north,A,396.2715,10.75,,,,
233.0,138,5000,edge-central,A,404.1569,10.75,,,,
233.0,139,5000,edge-south,A,402.0346,10.75,,,,
233.0,140,5000,edge-west,A,397.4939,10.75,,,,
233.0,141,5000,edge-north,A,396.1677,10.75,,,,
233.0,142,5000,edge-central,A,388.3826,10.75,,,,
233.0,143,5000,edge-south,A,397.5561,10.75,,,,
233.0,144,5000,edge-west,A,407.2849,10.75,,,,
233.0,145,5000,edge-north,A,394.8839,10.75,,,,
233.0,146,5000,edge-central,A,391.1209,10.75,,,,
233.0,147,5000,edge-south,A,409.6359,10.75,,,,
233.0,148,5000,edge-west,A,390.0002,10.75,,,,
233.0,149,5000,edge-north,A,397.148,10.75,,,,
233.0,150,5000,edge-central,A,383.077,10.75,,,,
233.0,151,5000,edge-south,A,393.4181,10.75,,,,
233.0,152,5000,edge-west,A,378.6902,10.75,,,,
233.0,153,5000,edge-north,A,392.2722,10.75,,,,
233.0,154,5000,edge-central,A,386.0678,10.75,,,,
233.0,155,5000,edge-south,A,406.5338,10.75,,,,
233.0,156,5000,edge-west,A,408.0528,10.75,,,,
233.0,157,5000,edge-north,A,378.6169,10.75,,,,
233.0,158,5000,edge-central,A,404.5944,10.75,,,,
233.0,159,5000,edge-south,A,391.6369,10.75,,,,
233.0,160,5000,edge-west,A,387.9673,10.75,,,,
233.0,161,5000,edge-north,A,390.9594,10.75,,,,
233.0,162,5000,edge-central,A,402.0918,10.75,,,,
233.0,163,5000,edge-south,A,397.2647,10.75,,,,
233.0,164,5000,edge-west,A,395.6764,10.75,,,,
233.0,165,5000,edge-north,A,408.7608,10.75,,,,
233.0,166,5000,edge-central,A,386.1012,10.75,,,,
233.0,167,5000,edge-south,A,398.8928,10.75,,,,
233.0,168,5000,edge-west,A,388.1496,10.75,,,,
233.0,169,5000,edge-north,A,380.3258,10.75,,,,
233.0,170,5000,edge-central,A,393.3457,10.75,,,,
233.0,171,5000,edge-south,A,400.9452,10.75,,,,
233.0,172,5000,edge-west,A,399.8756,10.75,,,,
233.0,173,5000,edge-north,A,394.1767,10.75,,,,
233.0,174,5000,edge-central,A,402.6518,10.75,,,,
233.0,175,5000,edge-south,A,392.6858,10.75,,,,
233.0,176,5000,edge-west,A,405.7236,10.75,,,,
233.0,177,5000,edge-north,A,389.5145,10.75,,,,
233.0,178,5000,edge-central,A,390.0644,10.75,,,,
233.0,179,5000,edge-south,A,389.9647,10.75,,,,
233.0,180,5000,edge-west,A,392.9357,10.75,,,,
233.0,181,5000,edge-north,A,399.0082,10.75,,,,
233.0,182,5000,edge-central,A,401.7625,10.75,,,,
233.0,183,5000,edge-south,A,401.6399,10.75,,,,
233.0,184,5000,edge-west,A,400.3672,10.75,,,,
233.0,185,5000,edge-north,A,399.3738,10.75,,,,
233.0,186,5000,edge-central,A,397.2785,10.75,,,,
233.0,187,5000,edge-south,A,387.8251,10.75,,,,
233.0,188,5000,edge-west,A,388.0759,10.75,,,,
233.0,189,5000,edge-north,A,395.1774,10.75,,,,
233.0,190,5000,edge-central,A,386.1219,10.75,,,,
233.0,191,5000,edge-south,A,384.8001,10.75,,,,
233.0,192,5000,edge-west,A,390.9567,10.75,,,,
233.0,193,5000,edge-north,A,387.1522,10.75,,,,
233.0,194,5000,edge-central,A,396.2158,10.75,,,,
233.0,195,5000,edge-south,A,400.3406,10.75,,,,
233.0,196,5000,edge-west,A,379.7094,10.75,,,,
233.0,197,5000,edge-north,A,392.164,10.75,,,,
233.0,198,5000,edge-central,A,394.7326,10.75,,,,
233.0,199,5000,edge-south,A,388.7642,10.75,,,,
233.0,200,5000,edge-west,A,403.5151,10.75,,,,
233.0,201,5000,edge-north,A,396.5641,10.75,,,,
233.0,202,5000,edge-central,A,402.9707,10.75,,,,
233.0,203,5000,edge-south,A,397.4588,10.75,,,,
233.0,204,5000,edge-west,A,383.4662,10.75,,,,
233.0,205,5000,edge-north,A,404.7981,10.75,,,,
233.0,206,5000,edge-central,A,402.5865,10.75,,,,
233.0,207,5000,edge-south,A,395.0775,10.75,,,,
233.0,208,5000,edge-west,A,396.3493,10.75,,,,
233.0,209,5000,edge-north,A,401.3803,10.75,,,,
233.0,210,5000,edge-central,A,387.6266,10.75,,,,
233.0,211,5000,edge-south,A,394.076,10.75,,,,
233.0,212,5000,edge-west,A,392.7076,10.75,,,,
233.0,213,5000,edge-north,A,407.8393,10.75,,,,
233.0,214,5000,edge-central,A,403.9677,10.75,,,,
233.0,215,5000,edge-south,A,380.9297,10.75,,,,
233.0,216,5000,edge-west,A,399.9889,10.75,,,,
233.0,217,5000,edge-north,A,378.3468,10.75,,,,
233.0,218,5000,edge-central,A,388.8348,10.75,,,,
233.0,219,5000,edge-south,A,395.7313,10.75,,,,
233.0,220,5000,edge-west,A,401.6934,10.75,,,,
233.0,221,5000,edge-north,A,383.2298,10.75,,,,
233.0,222,5000,edge-central,A,383.0195,10.75,,,,
233.0,223,5000,edge-south,A,382.2276,10.75,,,,
233.0,224,5000,edge-west,A,382.9308,10.75,,,,
233.0,225,5000,edge-north,A,395.1473,10.75,,,,
233.0,226,5000,edge-central,A,405.0559,10.75,,,,
233.0,227,5000,edge-south,A,390.7207,10.75,,,,
233.0,228,5000,edge-west,A,389.4918,10.75,,,,
233.0,229,5000,edge-north,A,389.5981,10.75,,,,
233.0,230,5000,edge-central,A,404.3371,10.75,,,,
233.0,231,5000,edge-south,A,392.6161,10.75,,,,
233.0,232,5000,edge-west,A,390.8018,10.75,,,,
233.0,233,5000,edge-north,A,391.327,10.75,,,,
233.0,234,5000,edge-central,A,380.6439,10.75,,,,
233.0,235,5000,edge-south,A,402.6333,10.75,,,,
233.0,236,5000,edge-west,A,395.299,10.75,,,,
233.0,237,5000,edge-north,A,403.253,10.75,,,,
233.0,238,5000,edge-central,A,395.9425,10.75,,,,
233.0,239,5000,edge-south,A,399.8727,10.75,,,,
233.0,240,5000,edge-west,A,397.9608,10.75,,,,
233.0,241,5000,edge-north,A,388.7091,10.75,,,,
233.0,242,5000,edge-central,A,405.4273,10.75,,,,
233.0,243,5000,edge-south,A,384.5971,10.75,,,,
233.0,244,5000,edge-west,A,400.7444,10.75,,,,
233.0,245,5000,edge-north,A,405.7737,10.75,,,,
233.0,246,5000,edge-central,A,393.4605,10.75,,,,
233.0,247,5000,edge-south,A,387.3011,10.75,,,,
233.0,248,5000,edge-west,A,392.7527,10.75,,,,
233.0,249,5000,edge-north,A,398.9473,10.75,,,,
233.0,250,5000,edge-central,A,394.2106,10.75,,,,
233.0,251,5000,edge-south,A,393.9675,10.75,,,,
233.0,252,5000,edge-west,A,400.1253,10.75,,,,
233.0,253,5000,edge-north,A,389.0825,10.75,,,,
233.0,254,5000,edge-central,A,392.0344,10.75,,,,
233.0,255,5000,edge-south,A,387.4268,10.75,,,,
233.0,256,5000,edge-west,A,403.6209,10.75,,,,
233.0,257,5000,edge-north,A,383.2034,10.75,,,,
233.0,258,5000,edge-central,A,387.8495,10.75,,,,
233.0,259,5000,edge-south,A,406.1411,10.75,,,,
233.0,260,5000,edge-west,A,387.5365,10.75,,,,
233.0,261,5000,edge-north,A,386.9591,10.75,,,,
233.0,262,5000,edge-central,A,388.997,10.75,,,,
233.0,263,5000,edge-south,A,406.9768,10.75,,,,
233.0,264,5000,edge-west,A,388.4854,10.75,,,,
233.0,265,5000,edge-north,A,396.3502,10.75,,,,
233.0,266,5000,edge-central,A,382.0723,10.75,,,,
233.0,267,5000,edge-south,A,402.5602,10.75,,,,
233.0,268,5000,edge-west,A,384.9738,10.75,,,,
233.0,269,5000,edge-north,A,400.2439,10.75,,,,
233.0,270,5000,edge-central,A,392.3961,10.75,,,,
233.0,271,5000,edge-south,A,390.1862,10.75,,,,
233.0,272,5000,edge-west,A,405.2259,10.75,,,,
233.0,273,5000,edge-north,A,409.4868,10.75,,,,
233.0,274,5000,edge-central,A,400.2685,10.75,,,,
233.0,275,5000,edge-south,A,386.7499,10.75,,,,
233.0,276,5000,edge-west,A,406.1741,10.75,,,,
233.0,277,5000,edge-north,A,381.4193,10.75,,,,
233.0,278,5000,edge-central,A,399.1097,10.75,,,,
233.0,279,5000,edge-south,A,397.8401,10.75,,,,
233.0,280,5000,edge-west,A,386.5542,10.75,,,,
233.0,281,5000,edge-north,A,380.9825,10.75,,,,
233.0,282,5000,edge-central,A,392.8918,10.75,,,,
233.0,283,5000,edge-south,A,392.1693,10.75,,,,
233.0,284,5000,edge-west,A,409.3088,10.75,,,,
233.0,285,5000,edge-north,A,403.3912,10.75,,,,
233.0,286,5000,edge-central,A,406.5047,10.75,,,,
233.0,287,5000,edge-south,A,402.3366,10.75,,,,
233.0,288,5000,edge-west,A,382.0092,10.75,,,,
233.0,289,5000,edge-north,A,404.9238,10.75,,,,
233.0,290,5000,edge-central,A,384.2286,10.75,,,,
233.0,291,5000,edge-south,A,395.7511,10.75,,,,
233.0,292,5000,edge-west,A,384.7448,10.75,,,,
233.0,293,5000,edge-north,A,386.9916,10.75,,,,
233.0,294,5000,edge-central,A,379.425,10.75,,,,
233.0,295,5000,edge-south,A,387.7571,10.75,,,,
233.0,296,5000,edge-west,A,405.1232,10.75,,,,
233.0,297,5000,edge-north,A,406.1678,10.75,,,,
233.0,298,5000,edge-central,A,397.6895,10.75,,,,
233.0,299,5000,edge-south,A,403.7903,10.75,,,,
233.0,300,5000,edge-west,A,386.6217,10.75,,,,
233.0,301,5000,edge-north,A,400.9548,10.75,,,,
233.0,302,5000,edge-central,A,383.6346,10.75,,,,
233.0,303,5000,edge-south,A,383.8986,10.75,,,,
233.0,304,5000,edge-west,A,403.0344,10.75,,,,
233.0,305,5000,edge-north,A,382.0495,10.75,,,,
233.0,306,5000,edge-central,A,403.9215,10.75,,,,
233.0,307,5000,edge-south,A,403.6144,10.75,,,,
233.0,308,5000,edge-west,A,385.1925,10.75,,,,
233.0,309,5000,edge-north,A,401.9796,10.75,,,,
233.0,310,5000,edge-central,A,404.4525,10.75,,,,
233.0,311,5000,edge-south,A,385.3027,10.75,,,,
233.0,312,5000,edge-west,A,397.683,10.75,,,,
233.0,313,5000,edge-north,A,384.7259,10.75,,,,
233.0,314,5000,edge-central,A,399.722,10.75,,,,
233.0,315,5000,edge-south,A,402.3369,10.75,,,,
233.0,316,5000,edge-west,A,402.732,10.75,,,,
233.0,317,5000,edge-north,A,407.0101,10.75,,,,
233.0,318,5000,edge-central,A,386.3952,10.75,,,,
233.0,319,5000,edge-south,A,406.6124,10.75,,,,
233.0,320,5000,edge-west,A,398.0194,10.75,,,,
233.0,321,5000,edge-north,A,386.7319,10.75,,,,
233.0,322,5000,edge-central,A,384.5548,10.75,,,,
233.0,323,5000,edge-south,A,396.5861,10.75,,,,
233.0,324,5000,edge-west,A,395.9817,10.75,,,,
233.0,325,5000,edge-north,A,377.6137,10.75,,,,
233.0,326,5000,edge-central,A,388.3431,10.75,,,,
233.0,327,5000,edge-south,A,407.0586,10.75,,,,
233.0,328,5000,edge-west,A,393.8252,10.75,,,,
233.0,329,5000,edge-north,A,397.7162,10.75,,,,
233.0,330,5000,edge-central,A,384.9059,10.75,,,,
233.0,331,5000,edge-south,A,404.3254,10.75,,,,
233.0,332,5000,edge-west,A,387.6236,10.75,,,,
233.0,333,5000,edge-north,A,378.7114,10.75,,,,
233.0,334,5000,edge-central,A,385.525,10.75,,,,
233.0,335,5000,edge-south,A,388.1948,10.75,,,,
233.0,336,5000,edge-west,A,407.9896,10.75,,,,
233.0,337,5000,edge-north,A,385.7802,10.75,,,,
233.0,338,5000,edge-central,A,401.481,10.75,,,,
233.0,339,5000,edge-south,A,385.51,10.75,,,,
233.0,340,5000,edge-west,A,387.4634,10.75,,,,
233.0,341,5000,edge-north,A,390.9914,10.75,,,,
233.0,342,5000,edge-central,A,379.5125,10.75,,,,
233.0,343,5000,edge-south,A,388.2543,10.75,,,,
233.0,344,5000,edge-west,A,392.9581,10.75,,,,
233.0,345,5000,edge-north,A,408.5083,10.75,,,,
233.0,346,5000,edge-central,A,408.2403,10.75,,,,
233.0,347,5000,edge-south,A,382.633,10.75,,,,
233.0,348,5000,edge-west,A,408.9253,10.75,,,,
233.0,349,5000,edge-north,A,380.9006,10.75,,,,
233.0,350,5000,edge-central,A,402.3101,10.75,,,,
233.0,351,5000,edge-south,A,385.5742,10.75,,,,
233.0,352,5000,edge-west,A,391.8965,10.75,,,,
233.0,353,5000,edge-north,A,393.6311,10.75,,,,
233.0,354,5000,edge-central,A,388.0118,10.75,,,,
233.0,355,5000,edge-south,A,395.3003,10.75,,,,
233.0,358,5000,edge-west,A,386.2876,10.75,,,,
233.0,359,5000,edge-north,A,382.3431,10.75,,,,
233.0,360,5000,edge-central,A,390.0456,10.75,,,,
234.0,25,5000,edge-south,A,384.7782,10.75,,,,
234.0,42,5000,edge-west,A,407.6724,10.75,,,,
234.0,97,5000,edge-north,A,390.4455,10.75,,,,
234.0,106,5000,edge-central,A,382.3027,10.75,,,,
234.0,158,5000,edge-south,A,384.1862,10.75,,,,
234.0,174,5000,edge-west,A,399.9867,10.75,,,,
234.0,216,5000,edge-north,A,392.7725,10.75,,,,
234.0,261,5000,edge-central,A,390.5881,10.75,,,,
234.0,263,5000,edge-south,A,380.3324,10.75,,,,
234.0,283,5000,edge-west,A,382.3771,10.75,,,,
234.0,284,5000,edge-north,A,391.4527,10.75,,,,
,0,1021,edge-central,A,191.7155,2.171,A,A,191.7155,292.5854
,1,2699,edge-south,A,294.7319,6.379,A,A,294.7319,597.8657
,2,1206,edge-west,A,181.5594,2.6205,A,A,181.5594,321.8186
,3,5000,edge-north,A,400.3302,10.75,A,A,400.3302,892.0167
,4,1021,edge-central,A,188.5588,2.171,B,A,188.5588,303.3036
,5,2699,edge-south,A,298.3665,6.379,A,A,298.3665,604.5652
,6,1206,edge-west,A,192.7969,2.6205,B,A,192.7969,331.754
,7,5000,edge-north,A,400.3481,10.75,A,A,400.3481,896.3377
,8,1021,edge-central,A,200.7768,2.171,B,A,200.7768,302.0105
,9,2699,edge-south,A,286.3485,6.379,A,A,286.3485,611.3865
,10,1206,edge-west,A,182.9131,2.6205,A,A,182.9131,324.6167
,11,5000,edge-north,A,378.0026,10.75,A,A,378.0026,893.7536
,12,1021,edge-central,A,190.6854,2.171,A,A,190.6854,282.1586
,13,2699,edge-south,A,281.8714,6.379,A,A,281.8714,620.7428
,14,1206,edge-west,A,204.3273,2.6205,A,A,204.3273,334.8743
,15,5000,edge-north,A,385.7937,10.75,A,A,385.7937,882.807
,16,1021,edge-central,A,184.4899,2.171,A,A,184.4899,289.8664
,17,2699,edge-south,A,288.4891,6.379,A,A,288.4891,602.644
,18,1206,edge-west,A,196.9099,2.6205,A,A,196.9099,334.0376
,19,5000,edge-north,A,399.8835,10.75,A,A,399.8835,890.5287
,20,1021,edge-central,A,197.3682,2.171,A,A,197.3682,302.1051
,21,2699,edge-south,A,280.1381,6.379,B,A,280.1381,617.2194
,22,1206,edge-west,A,194.2081,2.6205,A,A,194.2081,319.791
,23,5000,edge-north,A,407.3439,10.75,A,A,407.3439,907.2978
,24,1021,edge-central,A,193.0956,2.171,B,A,193.0956,304.798
,25,2699,edge-south,A,292.6294,6.379,B,A,292.6294,606.0141
,26,1206,edge-west,A,195.7871,2.6205,B,A,195.7871,330.483
,27,5000,edge-north,A,402.9604,10.75,A,A,402.9604,905.7178
,28,1021,edge-central,A,187.9079,2.171,A,A,187.9079,277.7209
,29,2699,edge-south,A,283.6796,6.379,A,A,283.6796,598.5027
,30,1206,edge-west,A,193.1407,2.6205,A,A,193.1407,327.0042
,31,5000,edge-north,A,406.6376,10.75,A,A,406.6376,907.2855
,32,1021,edge-central,A,182.8365,2.171,A,A,182.8365,289.8942
,33,2699,edge-south,A,285.8631,6.379,A,A,285.8631,608.8223
,34,1206,edge-west,A,202.3962,2.6205,A,A,202.3962,311.1459
,35,5000,edge-north,A,387.9189,10.75,A,A,387.9189,888.3516
,36,1021,edge-central,A,189.1169,2.171,A,A,189.1169,302.7185
,37,2699,edge-south,A,289.4187,6.379,A,A,289.4187,602.9679
,38,1206,edge-west,A,206.3424,2.6205,A,A,206.3424,337.3606
,39,5000,edge-north,A,403.0051,10.75,A,A,403.0051,908.3019
,40,1021,edge-central,A,171.2858,2.171,A,A,171.2858,295.0623
,41,2699,edge-south,A,273.7576,6.379,A,A,273.7576,614.9833
,42,1206,edge-west,A,209.0265,2.6205,A,A,209.0265,331.3948
,43,5000,edge-north,A,395.3969,10.75,A,A,395.3969,886.4532
,44,1021,edge-central,A,174.6909,2.171,A,A,174.6909,294.3523
,45,2699,edge-south,A,292.1824,6.379,A,A,292.1824,606.052
,46,1206,edge-west,A,201.3919,2.6205,A,A,201.3919,315.8531
,47,5000,edge-north,A,406.3523,10.75,A,A,406.3523,905.9565
,48,1021,edge-central,A,194.6161,2.171,B,A,194.6161,283.3638
,49,2699,edge-south,A,280.0117,6.379,A,A,280.0117,623.4182
,50,1206,edge-west,A,187.8878,2.6205,A,A,187.8878,313.9554
,51,5000,edge-north,A,380.9893,10.75,A,A,380.9893,890.7156
,52,1021,edge-central,A,172.2777,2.171,A,A,172.2777,277.9716
,53,2699,edge-south,A,291.8905,6.379,A,A,291.8905,611.179
,54,1206,edge-west,A,191.6077,2.6205,B,A,191.6077,312.3787
,55,5000,edge-north,A,406.1758,10.75,A,A,406.1758,898.5792
,56,1021,edge-central,A,182.2214,2.171,A,A,182.2214,293.3874
,57,2699,edge-south,A,278.5529,6.379,A,A,278.5529,607.6931
,58,1206,edge-west,A,193.9988,2.6205,A,A,193.9988,322.0605
,59,5000,edge-north,A,385.5014,10.75,A,A,385.5014,907.1566
,60,1021,edge-central,A,174.7525,2.171,A,A,174.7525,281.5977
,61,2699,edge-south,A,280.3961,6.379,A,A,280.3961,622.1234
,62,1206,edge-west,A,193.6448,2.6205,A,A,193.6448,332.4336
,63,5000,edge-north,A,390.9873,10.75,A,A,390.9873,883.3326
,64,1021,edge-central,A,186.5091,2.171,A,A,186.5091,291.5511
,65,2699,edge-south,A,273.1715,6.379,A,A,273.1715,603.1974
,66,1206,edge-west,A,183.5249,2.6205,B,A,183.5249,316.4407
,67,5000,edge-north,A,404.8292,10.75,A,A,404.8292,904.54
,68,1021,edge-central,A,170.2582,2.171,A,A,170.2582,288.6796
,69,2699,edge-south,A,296.8507,6.379,A,A,296.8507,608.6605
,70,1206,edge-west,A,209.1661,2.6205,A,A,209.1661,327.1192
,71,5000,edge-north,A,389.0402,10.75,A,A,389.0402,906.4707
,72,1021,edge-central,A,188.8008,2.171,A,A,188.8008,290.0147
,73,2699,edge-south,A,290.2963,6.379,A,A,290.2963,612.6047
,74,1206,edge-west,A,203.266,2.6205,A,A,203.266,334.3482
,75,5000,edge-north,A,381.1463,10.75,A,A,381.1463,907.0593
,76,1021,edge-central,A,193.7585,2.171,A,A,193.7585,284.7979
,77,2699,edge-south,A,294.6474,6.379,A,A,294.6474,620.574
,78,1206,edge-west,A,199.4653,2.6205,A,A,199.4653,331.8882
,79,5000,edge-north,A,392.9022,10.75,A,A,392.9022,897.1875
,80,1021,edge-central,A,191.121,2.171,A,A,191.121,282.5033
,81,2699,edge-south,A,283.0704,6.379,A,A,283.0704,624.0924
,82,1206,edge-west,A,199.2351,2.6205,A,A,199.2351,326.6609
,83,5000,edge-north,A,398.2775,10.75,A,A,398.2775,902.8248
,84,1021,edge-central,A,179.1046,2.171,A,A,179.1046,279.7673
,85,2699,edge-south,A,289.3058,6.379,A,A,289.3058,606.0415
,86,1206,edge-west,A,185.9442,2.6205,A,A,185.9442,310.513
,87,5000,edge-north,A,408.2074,10.75,A,A,408.2074,913.6211
,88,1021,edge-central,A,185.9186,2.171,A,A,185.9186,289.5054
,89,2699,edge-south,A,281.1723,6.379,A,A,281.1723,603.59
,90,1206,edge-west,A,184.239,2.6205,A,A,184.239,335.2317
,91,5000,edge-north,A,387.3823,10.75,A,A,387.3823,890.1636
,92,1021,edge-central,A,195.4341,2.171,A,A,195.4341,287.8779
,93,2699,edge-south,A,293.6995,6.379,A,A,293.6995,606.9673
,94,1206,edge-west,A,200.2735,2.6205,A,A,200.2735,328.8954
,95,5000,edge-north,A,383.3574,10.75,A,A,383.3574,907.262
,96,1021,edge-central,A,196.0413,2.171,A,A,196.0413,299.5932
,97,2699,edge-south,A,304.1189,6.379,A,A,304.1189,612.7795
,98,1206,edge-west,A,199.1305,2.6205,A,A,199.1305,317.0678
,99,5000,edge-north,A,394.2747,10.75,B,A,394.2747,907.1734
,100,1021,edge-central,A,178.5866,2.171,A,A,178.5866,285.2674
,101,2699,edge-south,A,290.6894,6.379,A,A,290.6894,598.1325
,102,1206,edge-west,A,201.7888,2.6205,A,A,201.7888,317.3779
,103,5000,edge-north,A,383.7781,10.75,A,A,383.7781,885.9083
,104,1021,edge-central,A,175.3048,2.171,A,A,175.3048,296.1755
,105,2699,edge-south,A,281.6276,6.379,A,A,281.6276,621.6024
,106,1206,edge-west,A,207.4874,2.6205,A,A,207.4874,322.6087
,107,5000,edge-north,A,399.9827,10.75,A,A,399.9827,900.0521
,108,1021,edge-central,A,169.8731,2.171,A,A,169.8731,288.5578
,109,2699,edge-south,A,288.7399,6.379,A,A,288.7399,617.9858
,110,1206,edge-west,A,199.0956,2.6205,A,A,199.0956,319.1548
,111,5000,edge-north,A,384.434,10.75,A,A,384.434,894.0007
,112,1021,edge-central,A,188.6871,2.171,A,A,188.6871,302.5096
,113,2699,edge-south,A,277.2966,6.379,A,A,277.2966,622.1928
,114,1206,edge-west,A,205.5643,2.6205,A,A,205.5643,336.642
,115,5000,edge-north,A,398.5728,10.75,A,A,398.5728,895.3569
,116,1021,edge-central,A,179.9397,2.171,A,A,179.9397,300.5563
,117,2699,edge-south,A,282.2569,6.379,A,A,282.2569,602.9277
,118,1206,edge-west,A,200.4357,2.6205,A,A,200.4357,310.0329
,119,5000,edge-north,A,395.3574,10.75,A,A,395.3574,888.7319
,120,1021,edge-central,A,186.2297,2.171,A,A,186.2297,292.4198
,121,2699,edge-south,A,278.0696,6.379,A,A,278.0696,602.2831
,122,1206,edge-west,A,200.5924,2.6205,A,A,200.5924,315.9652
,123,5000,edge-north,A,388.3254,10.75,A,A,388.3254,888.3271
,124,1021,edge-central,A,190.6316,2.171,A,A,190.6316,291.4097
,125,2699,edge-south,A,275.2517,6.379,A,A,275.2517,613.7879
,126,1206,edge-west,A,183.1372,2.6205,A,A,183.1372,308.1131
,127,5000,edge-north,A,380.1633,10.75,A,A,380.1633,885.8374
,128,1021,edge-central,A,179.5844,2.171,A,A,179.5844,276.6966
,129,2699,edge-south,A,281.8607,6.379,A,A,281.8607,614.125
,130,1206,edge-west,A,188.8033,2.6205,A,A,188.8033,322.9928
,131,5000,edge-north,A,407.9761,10.75,A,A,407.9761,896.0996
,132,1021,edge-central,A,182.7386,2.171,A,A,182.7386,298.0673
,133,2699,edge-south,A,277.0232,6.379,A,A,277.0232,598.4933
,134,1206,edge-west,A,195.9039,2.6205,A,A,195.9039,326.3972
,135,5000,edge-north,A,389.414,10.75,A,A,389.414,887.5389
,136,1021,edge-central,A,172.9247,2.171,A,A,172.9247,277.9987
,137,2699,edge-south,A,278.1492,6.379,A,A,278.1492,616.3546
,138,1206,edge-west,A,203.3486,2.6205,A,A,203.3486,318.3884
,139,5000,edge-north,A,401.4138,10.75,A,A,401.4138,911.4653
,140,1021,edge-central,A,174.4177,2.171,A,A,174.4177,271.9821
,141,2699,edge-south,A,291.0456,6.379,A,A,291.0456,598.713
,142,1206,edge-west,A,199.6131,2.6205,A,A,199.6131,327.8212
,143,5000,edge-north,A,390.1257,10.75,A,A,390.1257,895.8436
,144,1021,edge-central,A,194.9385,2.171,B,A,194.9385,289.1855
,145,2699,edge-south,A,272.5801,6.379,B,A,272.5801,610.4268
,146,1206,edge-west,A,199.6283,2.6205,A,A,199.6283,317.0476
,147,5000,edge-north,A,397.2467,10.75,A,A,397.2467,883.7105
,148,1021,edge-central,A,174.5888,2.171,A,A,174.5888,276.6876
,149,2699,edge-south,A,304.6025,6.379,A,A,304.6025,625.3849
,150,1206,edge-west,A,190.6474,2.6205,A,A,190.6474,333.1279
,151,5000,edge-north,A,385.3759,10.75,B,A,385.3759,890.417
,152,1021,edge-central,A,194.3688,2.171,A,A,194.3688,276.1403
,153,2699,edge-south,A,287.7857,6.379,A,A,287.7857,611.5699
,154,1206,edge-west,A,200.0209,2.6205,A,A,200.0209,328.681
,155,5000,edge-north,A,407.1763,10.75,A,A,407.1763,889.5337
,156,1021,edge-central,A,185.9715,2.171,A,A,185.9715,281.461
,157,2699,edge-south,A,292.3905,6.379,A,A,292.3905,605.3976
,158,1206,edge-west,A,183.9031,2.6205,A,A,183.9031,322.9939
,159,5000,edge-north,A,386.0487,10.75,A,A,386.0487,885.8578
,160,1021,edge-central,A,181.2435,2.171,A,A,181.2435,284.3907
,161,2699,edge-south,A,286.0148,6.379,A,A,286.0148,608.2058
,162,1206,edge-west,A,202.9368,2.6205,A,A,202.9368,334.85
,163,5000,edge-north,A,393.9302,10.75,A,A,393.9302,895.8083
,164,1021,edge-central,A,178.5977,2.171,A,A,178.5977,280.8392
,165,2699,edge-south,A,293.4405,6.379,A,A,293.4405,625.0581
,166,1206,edge-west,A,204.9778,2.6205,A,A,204.9778,331.7719
,167,5000,edge-north,A,385.6033,10.75,A,A,385.6033,891.5946
,168,1021,edge-central,A,186.1057,2.171,A,A,186.1057,281.077
,169,2699,edge-south,A,301.4859,6.379,A,A,301.4859,618.9701
,170,1206,edge-west,A,185.8624,2.6205,A,A,185.8624,314.0038
,171,5000,edge-north,A,406.1013,10.75,A,A,406.1013,901.8466
,172,1021,edge-central,A,172.2007,2.171,A,A,172.2007,281.0767
,173,2699,edge-south,A,292.9416,6.379,A,A,292.9416,613.1884
,174,1206,edge-west,A,207.7793,2.6205,A,A,207.7793,314.971
,175,5000,edge-north,A,388.197,10.75,A,A,388.197,898.1408
,176,1021,edge-central,A,175.7768,2.171,A,A,175.7768,282.1246
,177,2699,edge-south,A,297.0824,6.379,A,A,297.0824,611.5713
,178,1206,edge-west,A,182.3311,2.6205,A,A,182.3311,327.8928
,179,5000,edge-north,A,389.6,10.75,A,A,389.6,907.8179
,180,1021,edge-central,A,173.1803,2.171,A,A,173.1803,292.522
,181,2699,edge-south,A,277.0263,6.379,A,A,277.0263,612.3476
,182,1206,edge-west,A,184.6501,2.6205,A,A,184.6501,309.4894
,183,5000,edge-north,A,407.0909,10.75,A,A,407.0909,911.0188
,184,1021,edge-central,A,183.2567,2.171,B,A,183.2567,302.2947
,185,2699,edge-south,A,287.2845,6.379,A,A,287.2845,608.5099
,186,1206,edge-west,A,201.5263,2.6205,A,A,201.5263,323.9061
,187,5000,edge-north,A,394.9944,10.75,A,A,394.9944,884.6048
,188,1021,edge-central,A,193.7848,2.171,A,A,193.7848,291.6238
,189,2699,edge-south,A,284.4847,6.379,A,A,284.4847,621.8587
,190,1206,edge-west,A,200.9883,2.6205,A,A,200.9883,327.9563
,191,5000,edge-north,A,386.7097,10.75,A,A,386.7097,885.4206
,192,1021,edge-central,A,182.1763,2.171,A,A,182.1763,285.8157
,193,2699,edge-south,A,292.9486,6.379,A,A,292.9486,609.5362
,194,1206,edge-west,A,204.7304,2.6205,A,A,204.7304,326.1039
,195,5000,edge-north,A,383.5453,10.75,A,A,383.5453,891.4198
,196,1021,edge-central,A,188.2322,2.171,A,A,188.2322,275.5022
,197,2699,edge-south,A,298.6922,6.379,A,A,298.6922,627.8457
,198,1206,edge-west,A,210.3311,2.6205,A,A,210.3311,318.9141
,199,5000,edge-north,A,409.0149,10.75,A,A,409.0149,896.6128
,200,1021,edge-central,A,178.8509,2.171,A,A,178.8509,290.4951
,201,2699,edge-south,A,294.1945,6.379,A,A,294.1945,616.0453
,202,1206,edge-west,A,187.7502,2.6205,A,A,187.7502,335.5305
,203,5000,edge-north,A,386.0908,10.75,A,A,386.0908,894.7387
,204,1021,edge-central,A,183.4138,2.171,A,A,183.4138,293.3035
,205,2699,edge-south,A,292.395,6.379,A,A,292.395,627.3444
,206,1206,edge-west,A,195.2893,2.6205,A,A,195.2893,308.758
,207,5000,edge-north,A,389.8512,10.75,A,A,389.8512,895.1263
,208,1021,edge-central,A,192.5284,2.171,A,A,192.5284,276.5805
,209,2699,edge-south,A,285.1838,6.379,A,A,285.1838,621.0886
,210,1206,edge-west,A,188.3547,2.6205,A,A,188.3547,329.7642
,211,5000,edge-north,A,400.9082,10.75,A,A,400.9082,912.5179
,212,1021,edge-central,A,196.1889,2.171,A,A,196.1889,276.6333
,213,2699,edge-south,A,299.7998,6.379,A,A,299.7998,626.9105
,214,1206,edge-west,A,189.7085,2.6205,A,A,189.7085,333.756
,215,5000,edge-north,A,391.9867,10.75,A,A,391.9867,887.4084
,216,1021,edge-central,A,191.3397,2.171,A,A,191.3397,294.8998
,217,2699,edge-south,A,295.5146,6.379,A,A,295.5146,606.0591
,218,1206,edge-west,A,184.7903,2.6205,A,A,184.7903,325.4328
,219,5000,edge-north,A,384.9529,10.75,A,A,384.9529,886.2757
,220,1021,edge-central,A,180.6205,2.171,A,A,180.6205,292.0261
,221,2699,edge-south,A,302.6343,6.379,A,A,302.6343,600.9936
,222,1206,edge-west,A,201.7463,2.6205,A,A,201.7463,333.4472
,223,5000,edge-north,A,403.9274,10.75,A,A,403.9274,910.3621
,224,1021,edge-central,A,183.0681,2.171,A,A,183.0681,273.9126
,225,2699,edge-south,A,288.6149,6.379,A,A,288.6149,603.8127
,226,1206,edge-west,A,193.1918,2.6205,A,A,193.1918,327.7286
,227,5000,edge-north,A,394.5978,10.75,A,A,394.5978,901.6025
,228,1021,edge-central,A,185.9496,2.171,A,A,185.9496,294.2661
,229,2699,edge-south,A,293.8389,6.379,A,A,293.8389,618.0199
,230,1206,edge-west,A,208.1283,2.6205,A,A,208.1283,317.1145
,231,5000,edge-north,A,397.6501,10.75,A,A,397.6501,895.7407
,232,1021,edge-central,A,179.6463,2.171,A,A,179.6463,276.9864
,233,2699,edge-south,A,298.6846,6.379,A,A,298.6846,615.89
,234,1206,edge-west,A,186.5875,2.6205,A,A,186.5875,333.3638
,235,5000,edge-north,A,396.476,10.75,A,A,396.476,885.1274
,236,1021,edge-central,A,192.4622,2.171,A,A,192.4622,277.9697
,237,2699,edge-south,A,282.8523,6.379,A,A,282.8523,596.6275
,238,1206,edge-west,A,187.0717,2.6205,A,A,187.0717,327.2942
,239,5000,edge-north,A,381.8955,10.75,A,A,381.8955,890.8779
,240,1021,edge-central,A,182.0223,2.171,A,A,182.0223,296.503
,241,2699,edge-south,A,291.362,6.379,A,A,291.362,602.3586
,242,1206,edge-west,A,183.5569,2.6205,A,A,183.5569,325.1115
,243,5000,edge-north,A,401.0013,10.75,B,A,401.0013,901.5199
,244,1021,edge-central,A,172.0765,2.171,B,A,172.0765,278.9688
,245,2699,edge-south,A,278.7023,6.379,A,A,278.7023,598.5771
,246,1206,edge-west,A,208.3521,2.6205,A,A,208.3521,330.07
,247,5000,edge-north,A,405.4812,10.75,A,A,405.4812,908.9525
,248,1021,edge-central,A,185.4552,2.171,A,A,185.4552,274.4698
,249,2699,edge-south,A,297.5545,6.379,A,A,297.5545,626.2322
,250,1206,edge-west,A,187.9661,2.6205,A,A,187.9661,316.9601
,251,5000,edge-north,A,382.5669,10.75,A,A,382.5669,888.623
,252,1021,edge-central,A,180.8103,2.171,A,A,180.8103,280.1643
,253,2699,edge-south,A,292.9296,6.379,A,A,292.9296,613.1597
,254,1206,edge-west,A,200.3275,2.6205,A,A,200.3275,312.9608
,255,5000,edge-north,A,385.3859,10.75,A,A,385.3859,890.6951
,256,1021,edge-central,A,185.5798,2.171,A,A,185.5798,279.5661
,257,2699,edge-south,A,299.6294,6.379,A,A,299.6294,617.6554
,258,1206,edge-west,A,198.9385,2.6205,A,A,198.9385,320.2539
,259,5000,edge-north,A,382.7385,10.75,A,A,382.7385,888.6662
,260,1021,edge-central,A,174.7523,2.171,A,A,174.7523,279.6363
,261,2699,edge-south,A,289.4241,6.379,A,A,289.4241,621.9657
,262,1206,edge-west,A,202.2026,2.6205,A,A,202.2026,325.169
,263,5000,edge-north,A,401.9229,10.75,A,A,401.9229,900.5515
,264,1021,edge-central,A,180.4108,2.171,A,A,180.4108,290.0383
,265,2699,edge-south,A,294.4,6.379,A,A,294.4,601.48
,266,1206,edge-west,A,179.2518,2.6205,B,A,179.2518,312.2339
,267,5000,edge-north,A,395.8135,10.75,A,A,395.8135,902.0041
,268,1021,edge-central,A,189.3172,2.171,A,A,189.3172,303.4044
,269,2699,edge-south,A,276.3813,6.379,A,A,276.3813,609.6161
,270,1206,edge-west,A,206.1961,2.6205,B,A,206.1961,310.527
,271,5000,edge-north,A,389.6114,10.75,B,A,389.6114,884.2735
,272,1021,edge-central,A,195.262,2.171,A,A,195.262,303.1036
,273,2699,edge-south,A,273.5211,6.379,A,A,273.5211,596.5103
,274,1206,edge-west,A,198.1134,2.6205,A,A,198.1134,312.5568
,275,5000,edge-north,A,401.2543,10.75,B,A,401.2543,913.0634
,276,1021,edge-central,A,201.4446,2.171,A,A,201.4446,282.8573
,277,2699,edge-south,A,283.2356,6.379,A,A,283.2356,597.7934
,278,1206,edge-west,A,206.9177,2.6205,A,A,206.9177,324.6569
,279,5000,edge-north,A,394.0375,10.75,B,A,394.0375,907.3952
,280,1021,edge-central,A,175.718,2.171,A,A,175.718,286.8283
,281,2699,edge-south,A,275.9274,6.379,A,A,275.9274,598.739
,282,1206,edge-west,A,192.2292,2.6205,A,A,192.2292,310.5491
,283,5000,edge-north,A,389.0942,10.75,A,A,389.0942,900.8393
,284,1021,edge-central,A,174.7043,2.171,A,A,174.7043,272.7206
,285,2699,edge-south,A,274.0783,6.379,A,A,274.0783,613.0395
,286,1206,edge-west,A,186.4786,2.6205,A,A,186.4786,318.4518
,287,5000,edge-north,A,398.5799,10.75,A,A,398.5799,909.2204
,288,1021,edge-central,A,191.7309,2.171,A,A,191.7309,298.8817
,289,2699,edge-south,A,290.2253,6.379,A,A,290.2253,602.5907
,290,1206,edge-west,A,187.9238,2.6205,B,A,187.9238,328.5403
,291,5000,edge-north,A,397.2805,10.75,A,A,397.2805,902.2489
,292,1021,edge-central,A,180.1658,2.171,A,A,180.1658,290.6449
,293,2699,edge-south,A,295.6069,6.379,A,A,295.6069,618.135
,294,1206,edge-west,A,185.9154,2.6205,A,A,185.9154,324.5742
,295,5000,edge-north,A,389.3539,10.75,A,A,389.3539,903.5967
,296,1021,edge-central,A,190.8686,2.171,A,A,190.8686,301.7967
,297,2699,edge-south,A,277.101,6.379,A,A,277.101,597.4997
,298,1206,edge-west,A,199.054,2.6205,A,A,199.054,329.2173
,299,5000,edge-north,A,390.5996,10.75,A,A,390.5996,897.5328
,300,1021,edge-central,A,176.4509,2.171,A,A,176.4509,283.2632
,301,2699,edge-south,A,290.5706,6.379,A,A,290.5706,617.4531
,302,1206,edge-west,A,206.4342,2.6205,A,A,206.4342,319.3543
,303,5000,edge-north,A,388.4139,10.75,B,A,388.4139,898.0708
,304,1021,edge-central,A,194.5545,2.171,A,A,194.5545,303.077
,305,2699,edge-south,A,297.4227,6.379,A,A,297.4227,613.7946
,306,1206,edge-west,A,208.7748,2.6205,A,A,208.7748,319.1006
,307,5000,edge-north,A,390.6085,10.75,A,A,390.6085,893.8902
,308,1021,edge-central,A,191.9861,2.171,A,A,191.9861,275.2421
,309,2699,edge-south,A,299.1365,6.379,A,A,299.1365,622.8273
,310,1206,edge-west,A,202.56,2.6205,A,A,202.56,337.8075
,311,5000,edge-north,A,391.8377,10.75,A,A,391.8377,904.0471
,312,1021,edge-central,A,181.3271,2.171,A,A,181.3271,285.298
,313,2699,edge-south,A,288.4936,6.379,A,A,288.4936,622.6961
,314,1206,edge-west,A,200.6018,2.6205,A,A,200.6018,316.2447
,315,5000,edge-north,A,387.7572,10.75,A,A,387.7572,885.1887
,316,1021,edge-central,A,193.8917,2.171,A,A,193.8917,295.9805
,317,2699,edge-south,A,294.4042,6.379,A,A,294.4042,626.6935
,318,1206,edge-west,A,191.6652,2.6205,A,A,191.6652,315.3875
,319,5000,edge-north,A,408.5675,10.75,A,A,408.5675,888.9398
,320,1021,edge-central,A,178.6838,2.171,A,A,178.6838,302.3842
,321,2699,edge-south,A,277.5697,6.379,A,A,277.5697,624.7829
,322,1206,edge-west,A,184.927,2.6205,A,A,184.927,314.1099
,323,5000,edge-north,A,384.2978,10.75,A,A,384.2978,908.0952
,324,1021,edge-central,A,183.481,2.171,A,A,183.481,274.89
,325,2699,edge-south,A,304.8518,6.379,A,A,304.8518,612.534
,326,1206,edge-west,A,206.7534,2.6205,A,A,206.7534,324.1999
,327,5000,edge-north,A,400.3516,10.75,A,A,400.3516,891.7838
,328,1021,edge-central,A,176.5457,2.171,A,A,176.5457,274.7748
,329,2699,edge-south,A,285.5568,6.379,A,A,285.5568,598.6403
,330,1206,edge-west,A,186.5643,2.6205,A,A,186.5643,331.8684
,331,5000,edge-north,A,384.3469,10.75,A,A,384.3469,902.0903
,332,1021,edge-central,A,194.824,2.171,A,A,194.824,283.6117
,333,2699,edge-south,A,295.5589,6.379,A,A,295.5589,598.5212
,334,1206,edge-west,A,180.8658,2.6205,A,A,180.8658,308.9082
,335,5000,edge-north,A,380.6684,10.75,A,A,380.6684,905.2538
,336,1021,edge-central,A,196.6691,2.171,A,A,196.6691,289.7011
,337,2699,edge-south,A,279.4521,6.379,A,A,279.4521,612.6899
,338,1206,edge-west,A,196.2216,2.6205,A,A,196.2216,322.9418
,339,5000,edge-north,A,384.6254,10.75,A,A,384.6254,889.1112
,340,1021,edge-central,A,198.208,2.171,A,A,198.208,291.7176
,341,2699,edge-south,A,300.2331,6.379,A,A,300.2331,620.5495
,342,1206,edge-west,A,203.7817,2.6205,A,A,203.7817,309.8027
,343,5000,edge-north,A,396.3255,10.75,A,A,396.3255,902.2708
,344,1021,edge-central,A,192.2838,2.171,B,A,192.2838,283.6295
,345,2699,edge-south,A,292.8612,6.379,A,A,292.8612,612.4711
,346,1206,edge-west,A,181.764,2.6205,A,A,181.764,310.9632
,347,5000,edge-north,A,386.4366,10.75,A,A,386.4366,907.5502
,348,1021,edge-central,A,180.5466,2.171,A,A,180.5466,282.7232
,349,2699,edge-south,A,301.3341,6.379,A,A,301.3341,613.1143
,350,1206,edge-west,A,202.2517,2.6205,A,A,202.2517,335.2743
,351,5000,edge-north,A,385.1486,10.75,A,A,385.1486,881.1591
,352,1021,edge-central,A,188.569,2.171,A,A,188.569,281.0558
,353,2699,edge-south,A,281.0985,6.379,A,A,281.0985,620.2913
,354,1206,edge-west,A,198.0694,2.6205,A,A,198.0694,329.2669
,355,5000,edge-north,A,391.2103,10.75,A,A,391.2103,910.0997
,356,1021,edge-central,A,176.9836,2.171,A,A,176.9836,294.1729
,357,2699,edge-south,A,282.5597,6.379,B,A,282.5597,620.6657
,358,1206,edge-west,A,187.7161,2.6205,A,A,187.7161,320.2501
,359,5000,edge-north,A,401.5631,10.75,A,A,401.5631,892.7952
,360,1021,edge-central,A,198.2759,2.171,A,A,198.2759,286.5601
,361,2699,edge-south,A,292.5661,6.379,A,A,292.5661,623.754
,362,1206,edge-west,A,193.4175,2.6205,A,A,193.4175,329.6241
,363,5000,edge-north,A,398.3848,10.75,A,A,398.3848,899.7846
,364,1021,edge-central,A,172.6747,2.171,A,A,172.6747,277.3289
,365,2699,edge-south,A,294.7302,6.379,A,A,294.7302,618.5184
,366,1206,edge-west,A,192.2361,2.6205,A,A,192.2361,326.4686
,367,5000,edge-north,A,380.8865,10.75,A,A,380.8865,881.5492
,368,1021,edge-central,A,169.6607,2.171,B,A,169.6607,294.8649
,369,2699,edge-south,A,284.474,6.379,A,A,284.474,609.0203
,370,1206,edge-west,A,189.4979,2.6205,A,A,189.4979,332.5292
,371,5000,edge-north,A,396.8064,10.75,A,A,396.8064,891.6077
,372,1021,edge-central,A,173.2677,2.171,A,A,173.2677,290.8275
,373,2699,edge-south,A,291.8677,6.379,A,A,291.8677,620.2148
,374,1206,edge-west,A,193.2289,2.6205,B,A,193.2289,311.7812
,375,5000,edge-north,A,379.9871,10.75,A,A,379.9871,881.7709
,376,1021,edge-central,A,193.5128,2.171,A,A,193.5128,303.1281
,377,2699,edge-south,A,287.4072,6.379,A,A,287.4072,612.3526
,378,1206,edge-west,A,183.0258,2.6205,A,A,183.0258,307.0883
,379,5000,edge-north,A,385.0904,10.75,A,A,385.0904,899.2141
,380,1021,edge-central,A,192.5574,2.171,A,A,192.5574,300.4494
,381,2699,edge-south,A,287.1211,6.379,A,A,287.1211,604.6786
,382,1206,edge-west,A,192.0756,2.6205,A,A,192.0756,314.0643
,383,5000,edge-north,A,384.7233,10.75,B,A,384.7233,890.7524
,384,1021,edge-central,A,179.8682,2.171,A,A,179.8682,294.4606
,385,2699,edge-south,A,277.5404,6.379,A,A,277.5404,601.7515
,386,1206,edge-west,A,195.3664,2.6205,A,A,195.3664,332.4036
,387,5000,edge-north,A,385.5091,10.75,A,A,385.5091,882.776
,388,1021,edge-central,A,184.4217,2.171,A,A,184.4217,292.2879
,389,2699,edge-south,A,300.6653,6.379,A,A,300.6653,607.0244
,390,1206,edge-west,A,199.7618,2.6205,A,A,199.7618,337.3393
,391,5000,edge-north,A,380.6155,10.75,A,A,380.6155,890.8618
,392,1021,edge-central,A,197.1716,2.171,A,A,197.1716,277.1726
,393,2699,edge-south,A,276.2079,6.379,A,A,276.2079,618.8992
,394,1206,edge-west,A,197.0465,2.6205,A,A,197.0465,310.0791
,395,5000,edge-north,A,384.3953,10.75,A,A,384.3953,886.4506
,396,1021,edge-central,A,180.6968,2.171,A,A,180.6968,297.4672
,397,2699,edge-south,A,275.9684,6.379,B,A,275.9684,603.4965
,398,1206,edge-west,A,183.3537,2.6205,A,A,183.3537,318.4265
,399,5000,edge-north,A,398.5097,10.75,A,A,398.5097,885.1957
,400,1021,edge-central,A,177.5794,2.171,A,A,177.5794,298.188
,401,2699,edge-south,A,284.6784,6.379,A,A,284.6784,612.482
,402,1206,edge-west,A,193.3495,2.6205,B,A,193.3495,316.3598
,403,5000,edge-north,A,394.8726,10.75,A,A,394.8726,900.2335
,404,1021,edge-central,A,181.3212,2.171,A,A,181.3212,299.7635
,405,2699,edge-south,A,282.7509,6.379,A,A,282.7509,601.7453
,406,1206,edge-west,A,199.2359,2.6205,A,A,199.2359,319.8461
,407,5000,edge-north,A,395.5565,10.75,A,A,395.5565,889.324
,408,1021,edge-central,A,194.9745,2.171,A,A,194.9745,304.5897
,409,2699,edge-south,A,298.8864,6.379,A,A,298.8864,599.4301
,410,1206,edge-west,A,202.1278,2.6205,A,A,202.1278,337.339
,411,5000,edge-north,A,398.9772,10.75,A,A,398.9772,891.0911
,412,1021,edge-central,A,198.4798,2.171,A,A,198.4798,276.5934
,413,2699,edge-south,A,285.7523,6.379,A,A,285.7523,598.9077
,414,1206,edge-west,A,196.6378,2.6205,A,A,196.6378,334.7946
,415,5000,edge-north,A,401.4588,10.75,A,A,401.4588,887.0019
,416,1021,edge-central,A,176.9306,2.171,A,A,176.9306,281.2156
,417,2699,edge-south,A,300.9264,6.379,A,A,300.9264,601.6236
,418,1206,edge-west,A,186.619,2.6205,A,A,186.619,328.9709
,419,5000,edge-north,A,402.5685,10.75,A,A,402.5685,884.5419
,420,1021,edge-central,A,182.8015,2.171,A,A,182.8015,281.1224
,421,2699,edge-south,A,298.4174,6.379,A,A,298.4174,600.1632
,422,1206,edge-west,A,191.0127,2.6205,A,A,191.0127,311.9831
,423,5000,edge-north,A,393.7787,10.75,A,A,393.7787,910.1284
,424,1021,edge-central,A,185.4187,2.171,A,A,185.4187,281.3691
,425,2699,edge-south,A,282.7383,6.379,A,A,282.7383,620.6801
,426,1206,edge-west,A,195.1472,2.6205,A,A,195.1472,324.2188
,427,5000,edge-north,A,396.3258,10.75,A,A,396.3258,887.2366
,428,1021,edge-central,A,197.7055,2.171,A,A,197.7055,288.0155
,429,2699,edge-south,A,282.9193,6.379,A,A,282.9193,620.5585
,430,1206,edge-west,A,200.2171,2.6205,B,A,200.2171,335.9782
,431,5000,edge-north,A,395.1584,10.75,B,A,395.1584,912.0378
,432,1021,edge-central,A,198.737,2.171,A,A,198.737,293.334
,433,2699,edge-south,A,275.7474,6.379,A,A,275.7474,609.7986
,434,1206,edge-west,A,189.8142,2.6205,A,A,189.8142,318.8198
,435,5000,edge-north,A,404.6294,10.75,A,A,404.6294,893.1223
,436,1021,edge-central,A,191.2835,2.171,A,A,191.2835,284.227
,437,2699,edge-south,A,285.7315,6.379,A,A,285.7315,621.2764
,438,1206,edge-west,A,209.0722,2.6205,B,A,209.0722,334.7142
,439,5000,edge-north,A,404.5152,10.75,A,A,404.5152,885.4007
,440,1021,edge-central,A,197.5179,2.171,A,A,197.5179,300.7082
,441,2699,edge-south,A,287.5045,6.379,A,A,287.5045,597.3975
,442,1206,edge-west,A,186.5419,2.6205,A,A,186.5419,313.7117
,443,5000,edge-north,A,407.5629,10.75,A,A,407.5629,886.2922
,444,1021,edge-central,A,196.2062,2.171,A,A,196.2062,294.5076
,445,2699,edge-south,A,276.1096,6.379,A,A,276.1096,595.3367
,446,1206,edge-west,A,194.6906,2.6205,A,A,194.6906,332.1181
,447,5000,edge-north,A,390.5839,10.75,A,A,390.5839,911.4974
,448,1021,edge-central,A,194.7883,2.171,A,A,194.7883,302.9391
,449,2699,edge-south,A,289.8583,6.379,A,A,289.8583,621.488
,450,1206,edge-west,A,201.2988,2.6205,A,A,201.2988,332.4959
,451,5000,edge-north,A,399.9795,10.75,A,A,399.9795,899.4717
,452,1021,edge-central,A,184.5824,2.171,B,A,184.5824,300.4991
,453,2699,edge-south,A,291.0158,6.379,A,A,291.0158,624.0371
,454,1206,edge-west,A,203.8074,2.6205,A,A,203.8074,336.6019
,455,5000,edge-north,A,389.1753,10.75,A,A,389.1753,891.4372
,456,1021,edge-central,A,173.8016,2.171,A,A,173.8016,295.2572
,457,2699,edge-south,A,281.7559,6.379,A,A,281.7559,599.8419
,458,1206,edge-west,A,211.9972,2.6205,A,A,211.9972,313.9611
,459,5000,edge-north,A,394.5928,10.75,A,A,394.5928,908.3156
,460,1021,edge-central,A,194.2506,2.171,A,A,194.2506,279.5603
,461,2699,edge-south,A,301.4897,6.379,A,A,301.4897,601.9651
,462,1206,edge-west,A,209.1951,2.6205,A,A,209.1951,327.9599
,463,5000,edge-north,A,405.4139,10.75,A,A,405.4139,889.4607
,464,1021,edge-central,A,181.4013,2.171,A,A,181.4013,291.3508
,465,2699,edge-south,A,297.0767,6.379,A,A,297.0767,622.5364
,466,1206,edge-west,A,193.7515,2.6205,A,A,193.7515,325.5793
,467,5000,edge-north,A,407.5374,10.75,A,A,407.5374,889.6654
,468,1021,edge-central,A,184.5845,2.171,A,A,184.5845,298.7597
,469,2699,edge-south,A,276.9157,6.379,A,A,276.9157,611.3739
,470,1206,edge-west,A,197.5052,2.6205,A,A,197.5052,321.9001
,471,5000,edge-north,A,389.0994,10.75,A,A,389.0994,891.8196
,472,1021,edge-central,A,195.0973,2.171,A,A,195.0973,288.8142
,473,2699,edge-south,A,288.242,6.379,A,A,288.242,613.6087
,474,1206,edge-west,A,203.8455,2.6205,A,A,203.8455,318.4676
,475,5000,edge-north,A,401.6708,10.75,A,A,401.6708,898.4297
,476,1021,edge-central,A,181.2662,2.171,A,A,181.2662,273.7707
,477,2699,edge-south,A,288.1026,6.379,A,A,288.1026,609.4349
,478,1206,edge-west,A,208.2786,2.6205,A,A,208.2786,323.075
,479,5000,edge-north,A,401.2843,10.75,A,A,401.2843,911.9587
,480,1021,edge-central,A,175.6728,2.171,A,A,175.6728,293.5714
,481,2699,edge-south,A,294.2193,6.379,A,A,294.2193,627.5616
,482,1206,edge-west,A,211.411,2.6205,A,A,211.411,332.1034
,483,5000,edge-north,A,403.0702,10.75,A,A,403.0702,912.7004
,484,1021,edge-central,A,192.3809,2.171,A,A,192.3809,287.1429
,485,2699,edge-south,A,280.2442,6.379,A,A,280.2442,612.6363
,486,1206,edge-west,A,181.5058,2.6205,A,A,181.5058,320.0922
,487,5000,edge-north,A,385.6375,10.75,B,A,385.6375,904.2212
,488,1021,edge-central,A,185.962,2.171,B,A,185.962,278.8697
,489,2699,edge-south,A,301.381,6.379,A,A,301.381,600.7833
,490,1206,edge-west,A,185.9782,2.6205,B,A,185.9782,308.7364
,491,5000,edge-north,A,405.4572,10.75,A,A,405.4572,885.5143
,492,1021,edge-central,A,189.2502,2.171,A,A,189.2502,290.8272
,493,2699,edge-south,A,304.0118,6.379,A,A,304.0118,619.3018
,494,1206,edge-west,A,179.9925,2.6205,A,A,179.9925,326.0323
,495,5000,edge-north,A,407.3484,10.75,A,A,407.3484,906.7622
,496,1021,edge-central,A,181.7557,2.171,A,A,181.7557,295.9377
,497,2699,edge-south,A,297.6318,6.379,A,A,297.6318,605.4172
,498,1206,edge-west,A,182.2678,2.6205,A,A,182.2678,322.9971
,499,5000,edge-north,A,400.265,10.75,B,A,400.265,894.9177
